Date,Open,High,Low,Close,Volume
1/2/2014 16:00:00,398.8,399.36,394.02,397.97,2140246
1/3/2014 16:00:00,398.29,402.71,396.22,396.44,2213512
1/6/2014 16:00:00,396.13,397,388.42,393.63,3172207
1/7/2014 16:00:00,395.04,398.47,394.29,398.03,1916684
1/8/2014 16:00:00,398.47,403,396.04,401.92,2316903
1/9/2014 16:00:00,403.75,406.89,398.44,401.01,2103793
1/10/2014 16:00:00,402.04,403.76,393.8,397.66,2681701
1/13/2014 16:00:00,397.67,399.78,388.45,390.98,2846507
1/14/2014 16:00:00,392.13,398.63,391.29,397.54,2340401
1/15/2014 16:00:00,398.94,399.31,392.53,395.87,2678794
1/16/2014 16:00:00,393.68,399.29,389.41,395.8,2602506
1/17/2014 16:00:00,394.26,403.49,393.66,399.61,4508791
1/21/2014 16:00:00,403.01,407.8,401.6,407.05,3122705
1/22/2014 16:00:00,408,408.06,402,404.54,2069759
1/23/2014 16:00:00,401,406.17,397.79,399.87,3026272
1/24/2014 16:00:00,398.16,400.2,387.27,387.6,4513038
1/27/2014 16:00:00,390.5,394.1,380.49,386.28,3944752
1/28/2014 16:00:00,387.4,394.74,387.12,394.43,2901611
1/29/2014 16:00:00,392.16,392.85,383.24,384.2,3399294
1/30/2014 16:00:00,393.77,406.25,387.7,403.01,10900116
1/31/2014 16:00:00,372.2,375.45,357.76,358.69,16181519
2/3/2014 16:00:00,358.99,360.85,340.1,346.15,10290934
2/4/2014 16:00:00,349.52,354,344.02,347.95,4821177
2/5/2014 16:00:00,346,349.37,337.73,346.45,4439010
2/6/2014 16:00:00,348.28,354.82,347.4,354.59,3340542
2/7/2014 16:00:00,358.67,361.8,352.49,361.08,4347189
2/10/2014 16:00:00,362.35,365,359.35,360.87,3451093
2/11/2014 16:00:00,362.34,363.61,356.25,361.79,3225200
2/12/2014 16:00:00,356.43,357.75,346.32,349.25,6599199
2/13/2014 16:00:00,347.85,357.2,346.5,357.2,4181445
2/14/2014 16:00:00,359,359.34,353.35,357.35,3524570
2/18/2014 16:00:00,354,355.73,349.45,353.65,5000493
2/19/2014 16:00:00,352.64,354.54,346.1,347.38,4175393
2/20/2014 16:00:00,347.29,350.46,344.38,349.8,3496663
2/21/2014 16:00:00,352.44,354.14,346.75,346.76,4212144
2/24/2014 16:00:00,345.48,353,343.29,351.78,3647182
2/25/2014 16:00:00,353,361.08,351.58,358.32,3747076
2/26/2014 16:00:00,359.86,364.75,357.17,359.8,3622506
2/27/2014 16:00:00,357.84,360.59,355.5,360.13,3105442
2/28/2014 16:00:00,360.6,365.87,357.08,362.1,3885207
3/3/2014 16:00:00,358.85,360.96,354.48,359.78,2804261
3/4/2014 16:00:00,363.82,365.68,362.46,363.9,2706843
3/5/2014 16:00:00,364.5,372.73,363.9,372.37,3862706
3/6/2014 16:00:00,374.08,375.33,368.9,372.16,2927497
3/7/2014 16:00:00,374.64,374.99,369.53,372.06,2280358
3/10/2014 16:00:00,372.27,372.73,367,370.53,2107820
3/11/2014 16:00:00,370.93,372.8,367.28,368.82,2248019
3/12/2014 16:00:00,366.4,371.16,363.61,370.64,2219663
3/13/2014 16:00:00,376.51,383.11,368.08,371.51,6829047
3/14/2014 16:00:00,372.63,378.57,371.55,373.74,4402220
3/17/2014 16:00:00,375.59,378.85,374.88,375.04,2306821
3/18/2014 16:00:00,377.32,379,375,378.77,2483508
3/19/2014 16:00:00,378.77,379,369.42,373.23,2646687
3/20/2014 16:00:00,370.93,373,366.22,368.97,2558460
3/21/2014 16:00:00,372.84,372.84,358.4,360.62,5417935
3/24/2014 16:00:00,360.52,361.5,348.6,351.85,4879627
3/25/2014 16:00:00,354.03,358.97,348.84,354.71,4455703
3/26/2014 16:00:00,357.13,357.6,343.4,343.41,4120665
3/27/2014 16:00:00,343,344,330.88,338.47,5770462
3/28/2014 16:00:00,340.13,347,336.08,338.29,3986782
3/31/2014 16:00:00,342.5,346.29,334.06,336.37,4297487
4/1/2014 16:00:00,338.35,344.43,338,342.99,3602899
4/2/2014 16:00:00,345.99,348.3,340.38,341.96,4475523
4/3/2014 16:00:00,341.82,342.5,328.46,333.62,6399299
4/4/2014 16:00:00,335.15,335.44,315.61,323,12534578
4/7/2014 16:00:00,320.99,324.94,313.13,317.76,7077360
4/8/2014 16:00:00,321.88,328,318.44,327.07,6585583
4/9/2014 16:00:00,328.47,332.18,322.5,331.81,5058664
4/10/2014 16:00:00,330.97,331,316.5,317.11,6133376
4/11/2014 16:00:00,314,316.5,309.5,311.73,7292028
4/14/2014 16:00:00,317.51,320.48,311.28,315.91,4293532
4/15/2014 16:00:00,316.7,318.28,305.5,316.08,5399337
4/16/2014 16:00:00,321.42,324,314.71,323.68,4285901
4/17/2014 16:00:00,319.76,328.66,319.76,324.91,4300378
4/21/2014 16:00:00,323.97,331.15,322.31,330.87,3000598
4/22/2014 16:00:00,332.21,337.5,328.94,329.32,3714288
4/23/2014 16:00:00,333,333.13,323.39,324.58,3604586
4/24/2014 16:00:00,329.98,337.4,322.95,337.15,9293735
4/25/2014 16:00:00,316.03,316.49,302.71,303.83,16186737
4/28/2014 16:00:00,304,304.39,288,296.58,14479803
4/29/2014 16:00:00,296.65,301.84,290.45,300.38,6510591
4/30/2014 16:00:00,299.44,304.56,298.1,304.13,4090006
5/1/2014 16:00:00,304.13,310.48,304,307.89,4329167
5/2/2014 16:00:00,310.9,313.29,304.31,308.01,3995218
5/5/2014 16:00:00,306.37,310.23,305,310.05,2520300
5/6/2014 16:00:00,309.53,309.81,297.04,297.38,4682327
5/7/2014 16:00:00,295.56,296.4,286.68,292.71,7016937
5/8/2014 16:00:00,290.65,295.88,287.23,288.32,3848996
5/9/2014 16:00:00,290.57,293.68,284.38,292.24,4062984
5/12/2014 16:00:00,294.3,303.34,294.16,302.86,3735443
5/13/2014 16:00:00,303.1,305.6,300.75,304.64,3509937
5/14/2014 16:00:00,302.92,304.64,296.66,297.62,3328414
5/15/2014 16:00:00,298.02,299.2,290.38,295.19,4299530
5/16/2014 16:00:00,292.8,298.88,291.55,297.7,3637649
5/19/2014 16:00:00,295.76,299,293.81,296.76,2286313
5/20/2014 16:00:00,297.1,304.46,296.75,301.19,4096308
5/21/2014 16:00:00,302.21,305.96,301.52,305.01,3409200
5/22/2014 16:00:00,305.05,308.54,303.01,304.91,2576888
5/23/2014 16:00:00,305.67,312.35,304.9,312.24,3055997
5/27/2014 16:00:00,314.62,314.63,307.38,310.82,4864163
5/28/2014 16:00:00,309.5,313.82,307.42,310.16,2726803
5/29/2014 16:00:00,310.42,314.87,310.2,313.78,2365679
5/30/2014 16:00:00,314.43,314.65,307.57,312.55,4260624
6/2/2014 16:00:00,312.21,312.6,307,308.84,2205909
6/3/2014 16:00:00,305.75,307.92,305.07,307.19,2379273
6/4/2014 16:00:00,306.85,309.5,303.84,306.78,2111176
6/5/2014 16:00:00,308.25,327.94,306.9,323.57,7803760
6/6/2014 16:00:00,325,330.88,324.93,329.67,5246723
6/9/2014 16:00:00,331.35,333,325.65,327.5,3212755
6/10/2014 16:00:00,327.65,335.5,327.5,332.41,3668904
6/11/2014 16:00:00,336.19,340.72,333.88,335.2,4439178
6/12/2014 16:00:00,335.41,335.55,324.66,325.91,4276316
6/13/2014 16:00:00,327.05,329.3,323.53,326.27,2766909
6/16/2014 16:00:00,325.83,328.69,323.52,327.62,2449843
6/17/2014 16:00:00,327.54,331.34,325.23,325.62,2924058
6/18/2014 16:00:00,327.93,335.75,325,334.38,6409334
6/19/2014 16:00:00,336,338.9,325.98,327,5327002
6/20/2014 16:00:00,328.2,328.22,320.42,324.2,6056210
6/23/2014 16:00:00,323.61,327.55,321.41,327.24,2609628
6/24/2014 16:00:00,327.54,329.73,322.74,324.16,2627978
6/25/2014 16:00:00,324.33,328.15,321.74,327.44,2328006
6/26/2014 16:00:00,328.49,328.65,322.13,325.69,2699908
6/27/2014 16:00:00,326.28,326.52,323.27,324.57,2419626
6/30/2014 16:00:00,324.98,326.98,322.24,324.78,2672165
7/1/2014 16:00:00,325.75,333.2,325.1,332.39,3178548
7/2/2014 16:00:00,333.25,336.76,331.66,332.85,2681578
7/3/2014 16:00:00,334.83,338.3,333.08,337.49,1944300
7/7/2014 16:00:00,337.5,337.55,332.52,333.55,2130028
7/8/2014 16:00:00,333.1,333.74,321.4,323.81,4275447
7/9/2014 16:00:00,324.88,330.2,323.15,329.97,3167133
7/10/2014 16:00:00,323.52,329.98,322.65,327.92,2665753
7/11/2014 16:00:00,334.71,347,334.71,346.2,8309079
7/14/2014 16:00:00,347.03,355.77,345.36,355.32,5615482
7/15/2014 16:00:00,353.72,355.59,349.4,354.44,4176758
7/16/2014 16:00:00,355.61,359.32,353,355.9,3505023
7/17/2014 16:00:00,353.4,356.96,351.38,352.45,3640290
7/18/2014 16:00:00,354.4,359.68,352.08,358.66,3410032
7/21/2014 16:00:00,358.3,361.71,356.72,359.76,2282741
7/22/2014 16:00:00,355.37,362.93,355.25,360.84,2889366
7/23/2014 16:00:00,359.05,360.63,356.62,358.14,2688761
7/24/2014 16:00:00,359.98,364.85,358.52,358.61,7088655
7/25/2014 16:00:00,317,324.87,314.76,324.01,17855141
7/28/2014 16:00:00,324.4,324.82,316.5,320.41,5933999
7/29/2014 16:00:00,321.98,322.9,319.5,320,2885644
7/30/2014 16:00:00,321.79,322.73,318.5,322.51,3973213
7/31/2014 16:00:00,320.01,320.68,311.86,312.99,5193770
8/1/2014 16:00:00,313.69,315.83,304.59,307.06,7443091
8/4/2014 16:00:00,308.84,316.18,308.5,313.65,4208660
8/5/2014 16:00:00,313.3,314.55,310.06,312.32,2856294
8/6/2014 16:00:00,310.83,315.78,310.2,313.89,2297476
8/7/2014 16:00:00,315.21,315.88,309.65,311.45,2936913
8/8/2014 16:00:00,311.72,317.32,310.66,316.8,2708416
8/11/2014 16:00:00,318.48,320.38,316.88,318.33,2472819
8/12/2014 16:00:00,318.89,321.31,316.95,319.32,1916143
8/13/2014 16:00:00,327.31,331.72,326.14,326.28,4945094
8/14/2014 16:00:00,327.8,334.09,326.71,333.21,3420646
8/15/2014 16:00:00,334.88,335,328.32,333.63,3897928
8/18/2014 16:00:00,335.48,337.8,333.77,334.53,2488186
8/19/2014 16:00:00,335.06,335.81,333.01,335.13,1714120
8/20/2014 16:00:00,334.68,337.16,334.02,335.78,1811462
8/21/2014 16:00:00,336.48,336.58,332.23,332.91,1975792
8/22/2014 16:00:00,332.99,334.08,330.8,331.59,2212965
8/25/2014 16:00:00,333.21,336.77,332.71,334.02,1960978
8/26/2014 16:00:00,337,344.36,334.55,341.83,3654702
8/27/2014 16:00:00,341.84,346.67,341.34,343.18,2961767
8/28/2014 16:00:00,340,341.79,338.8,340.02,2254725
8/29/2014 16:00:00,341.76,341.82,337.68,339.04,1939848
9/2/2014 16:00:00,338.94,342.5,337.16,342.38,2328881
9/3/2014 16:00:00,342.54,343.27,337.55,339,1998540
9/4/2014 16:00:00,343.69,349.38,343.58,345.95,3965557
9/5/2014 16:00:00,346.3,346.83,342.5,346.38,2111220
9/8/2014 16:00:00,344.54,345.81,339.04,342.34,2960693
9/9/2014 16:00:00,341.61,341.76,329.18,329.75,4646832
9/10/2014 16:00:00,334.28,334.98,328.82,331.33,3798904
9/11/2014 16:00:00,329.94,333.01,326.39,330.52,2721893
9/12/2014 16:00:00,329.56,332.89,328.79,331.19,3429727
9/15/2014 16:00:00,331,331.33,319,323.89,4006918
9/16/2014 16:00:00,321.07,329.48,320.1,327.76,3265860
9/17/2014 16:00:00,327.5,328,321.52,324,4138950
9/18/2014 16:00:00,325.76,327.1,323.71,325,2577706
9/19/2014 16:00:00,327.62,332.76,325.57,331.32,6886382
9/22/2014 16:00:00,328.49,329.49,321.06,324.5,3118649
9/23/2014 16:00:00,322.45,327.6,321.25,323.63,2353590
9/24/2014 16:00:00,324.26,329.44,319.56,328.21,2647232
9/25/2014 16:00:00,327.99,328.54,321.4,321.93,2934944
9/26/2014 16:00:00,320.6,323.5,317.64,323.21,3639155
9/29/2014 16:00:00,320.6,323.75,319,321.82,1929589
9/30/2014 16:00:00,321.36,323.43,318.51,322.44,2639967
10/1/2014 16:00:00,321.75,322.17,315.55,317.46,3096735
10/2/2014 16:00:00,316.41,318.53,311.31,318.41,3553944
10/3/2014 16:00:00,320.36,325.16,319.53,322.74,3037891
10/6/2014 16:00:00,323.5,324.13,319.6,322.2,2294194
10/7/2014 16:00:00,319.29,322,316.67,316.98,2365698
10/8/2014 16:00:00,316.5,324.11,314.14,322.7,3458960
10/9/2014 16:00:00,321.49,322.27,314.52,315.37,3589464
10/10/2014 16:00:00,314.02,317.77,311.38,311.39,3684314
10/13/2014 16:00:00,309.87,313.2,303.47,306.45,4369850
10/14/2014 16:00:00,308,312.24,305.75,308.31,3385809
10/15/2014 16:00:00,304.35,307.9,299.1,305.97,5348254
10/16/2014 16:00:00,294.11,306.82,293.83,302.86,4731866
10/17/2014 16:00:00,307.15,309.2,302.72,303.64,4409218
10/20/2014 16:00:00,302.95,306.53,302.02,306.21,3239490
10/21/2014 16:00:00,309.66,315.64,307.07,315.33,3563351
10/22/2014 16:00:00,315.57,318.98,312.64,312.97,3130049
10/23/2014 16:00:00,313.4,316.8,311.4,313.18,9038193
10/24/2014 16:00:00,284.4,293.81,284,287.06,19805911
10/27/2014 16:00:00,285.7,290.42,285.02,289.97,5950594
10/28/2014 16:00:00,289.76,298,289.76,295.59,5576646
10/29/2014 16:00:00,299.11,299.61,293.07,294.12,4883259
10/30/2014 16:00:00,293.74,299.74,292.36,299.07,4055155
10/31/2014 16:00:00,305.15,305.72,301.5,305.46,4551795
11/3/2014 16:00:00,306.24,308.01,303.24,305.72,3244150
11/4/2014 16:00:00,303.99,304.25,300.17,302.81,3427384
11/5/2014 16:00:00,303.46,304,294.16,296.52,4674492
11/6/2014 16:00:00,296.69,297,292.29,296.64,3758121
11/7/2014 16:00:00,297.72,299.99,296.29,299.86,2647352
11/10/2014 16:00:00,300.37,305.8,300,305.11,2809056
11/11/2014 16:00:00,305.57,312.38,303.65,312.01,3807333
11/12/2014 16:00:00,310.76,312.58,308.79,311.51,2182982
11/13/2014 16:00:00,312,317.89,311.51,316.48,3686428
11/14/2014 16:00:00,317.12,332.88,316.4,327.82,8877785
11/17/2014 16:00:00,326.44,328,318.03,323.05,4784933
11/18/2014 16:00:00,323.68,329.56,323.25,324.93,3551161
11/19/2014 16:00:00,327.25,328.4,324.02,326.54,3281614
11/20/2014 16:00:00,324,332.67,323.33,330.54,3436721
11/21/2014 16:00:00,334.92,338.33,331.47,332.63,4466587
11/24/2014 16:00:00,334.78,337.39,333.6,335.64,2754186
11/25/2014 16:00:00,335.35,336.33,331.28,335.04,2564989
11/26/2014 16:00:00,333.78,334.65,331.75,333.57,1985949
11/28/2014 16:00:00,336.03,341.26,336.03,338.64,3051798
12/1/2014 16:00:00,338.19,340.64,325.93,326,4944861
12/2/2014 16:00:00,327.46,327.93,323.25,326.31,2790257
12/3/2014 16:00:00,325.73,326.77,314.36,316.5,5689904
12/4/2014 16:00:00,315.4,318.59,313.47,316.93,3296642
12/5/2014 16:00:00,316.92,316.93,310.84,312.63,3265214
12/8/2014 16:00:00,311.57,316.56,304.82,306.64,3639180
12/9/2014 16:00:00,302.99,313.64,301.14,312.5,4049506
12/10/2014 16:00:00,312,313.19,304.68,305.84,3245890
12/11/2014 16:00:00,307.89,312.64,306.01,307.36,3272919
12/12/2014 16:00:00,304.01,310.64,303.01,307.32,3162322
12/15/2014 16:00:00,308.71,310.86,302.15,306.07,3841577
12/16/2014 16:00:00,304.35,304.49,295.01,295.06,6501252
12/17/2014 16:00:00,296.39,299.67,293.03,298.88,4433505
12/18/2014 16:00:00,304.01,304.5,293.25,297.73,7738067
12/19/2014 16:00:00,296.91,301.54,295.52,299.9,8709129
12/22/2014 16:00:00,301.94,307.36,301.94,306.54,4003827
12/23/2014 16:00:00,306.75,307.49,303.25,306.29,2718359
12/24/2014 16:00:00,306.79,307,302.88,303.03,1518107
12/26/2014 16:00:00,305,310.78,303.81,309.09,2893801
12/29/2014 16:00:00,307.97,314.27,306.58,312.04,3009046
12/30/2014 16:00:00,309.91,313.94,309.34,310.3,2093023
12/31/2014 16:00:00,311.55,312.98,310.01,310.35,2057766
1/2/2015 16:00:00,312.5,314.75,306.96,308.52,2788101
1/5/2015 16:00:00,307.02,308.38,300.85,302.19,2774231
1/6/2015 16:00:00,302.2,303,292.38,295.29,3519034
1/7/2015 16:00:00,297.54,301.28,295.33,298.42,2640349
1/8/2015 16:00:00,300.59,303.14,296.11,300.46,3088398
1/9/2015 16:00:00,301.5,302.87,296.68,296.93,2592360
1/12/2015 16:00:00,297.96,298.51,289.28,291.41,3421392
1/13/2015 16:00:00,297.48,301.5,293.23,294.74,4136442
1/14/2015 16:00:00,291.93,295.91,286.5,293.27,5538666
1/15/2015 16:00:00,294,296,286.82,286.95,4419196
1/16/2015 16:00:00,286.15,290.79,285.25,290.74,3478176
1/20/2015 16:00:00,292.59,293.36,286.39,289.44,3075081
1/21/2015 16:00:00,289.64,306,287.26,297.25,10065076
1/22/2015 16:00:00,300,312.25,300,310.32,5362640
1/23/2015 16:00:00,308.08,316.93,307.72,312.39,4496419
1/26/2015 16:00:00,312,313,307.52,309.66,3169665
1/27/2015 16:00:00,306.3,310.24,302.63,306.75,2920315
1/28/2015 16:00:00,309.5,311.51,303.8,303.91,3063774
1/29/2015 16:00:00,304.73,312.8,299.33,311.78,8656567
1/30/2015 16:00:00,346.32,359.5,340.74,354.53,23856060
2/2/2015 16:00:00,350.05,365,350.01,364.47,10231914
2/3/2015 16:00:00,360.29,367.82,360.21,363.55,6212565
2/4/2015 16:00:00,358.38,367.5,358.23,364.75,4169927
2/5/2015 16:00:00,366,378.8,365.9,373.89,7247605
2/6/2015 16:00:00,374.87,375.99,371.01,374.28,3892382
2/9/2015 16:00:00,371,374.41,367.2,370.56,2724630
2/10/2015 16:00:00,371.19,374.3,368.51,373,2287232
2/11/2015 16:00:00,371.23,377.1,371.1,375.14,2786523
2/12/2015 16:00:00,375,378.51,373.15,377.17,2791050
2/13/2015 16:00:00,378.31,383,377.01,381.83,3475069
2/17/2015 16:00:00,378.83,379.99,372.67,375.43,3673208
2/18/2015 16:00:00,373.78,376.74,372.85,373.37,2650610
2/19/2015 16:00:00,373.43,381.88,373.43,379,2953752
2/20/2015 16:00:00,378.61,383.7,375.84,383.66,3258023
2/23/2015 16:00:00,383.37,384.54,378,380.14,2176989
2/24/2015 16:00:00,378.64,380.48,376.16,378.59,1921850
2/25/2015 16:00:00,377,387.85,376.54,385.37,3174495
2/26/2015 16:00:00,384.07,389.37,383.28,384.8,2687107
2/27/2015 16:00:00,384,385.99,379.79,380.16,2532309
3/2/2015 16:00:00,380.85,385.9,379.48,385.66,2139205
3/3/2015 16:00:00,383.95,386.1,381.6,384.61,1946498
3/4/2015 16:00:00,385.71,387.9,382.19,382.72,2259141
3/5/2015 16:00:00,385.5,388.42,383.89,387.83,2693518
3/6/2015 16:00:00,385.68,387,378.88,380.09,2627042
3/9/2015 16:00:00,378.4,379.33,375.28,378.56,2311390
3/10/2015 16:00:00,377.19,377.77,369.18,369.51,3120972
3/11/2015 16:00:00,370.5,373.35,366.26,366.37,2495097
3/12/2015 16:00:00,368.82,375.5,367.52,374.24,2810001
3/13/2015 16:00:00,371.67,373.99,366.68,370.58,2611658
3/16/2015 16:00:00,370.5,373.94,366.72,373.35,2354059
3/17/2015 16:00:00,371.11,374.5,369.64,371.92,2036961
3/18/2015 16:00:00,369.97,375.99,366.7,375.14,2654135
3/19/2015 16:00:00,374.16,377.11,372.19,373.24,1915671
3/20/2015 16:00:00,376.1,379.37,375.92,378.49,3763553
3/23/2015 16:00:00,378.07,381.77,374.94,375.11,2239343
3/24/2015 16:00:00,374.01,375.24,372.27,374.09,2228214
3/25/2015 16:00:00,375.55,380.5,370.29,370.96,3429497
3/26/2015 16:00:00,369,371.4,365.65,367.35,2929962
3/27/2015 16:00:00,367,373.17,366.57,370.56,2609774
3/30/2015 16:00:00,371.87,376.12,371.55,374.59,1820933
3/31/2015 16:00:00,373.09,377.7,371.51,372.1,2506122
4/1/2015 16:00:00,372.1,373.16,368.34,370.26,2458095
4/2/2015 16:00:00,370.04,373.28,369,372.25,1875279
4/6/2015 16:00:00,370.12,380.2,369.36,377.04,3050709
4/7/2015 16:00:00,376.07,379.31,374.03,374.41,1954902
4/8/2015 16:00:00,374.66,381.58,374.65,381.2,2636434
4/9/2015 16:00:00,380.74,384.42,378.8,383.54,2392328
4/10/2015 16:00:00,384.26,387.12,381.32,382.65,2573519
4/13/2015 16:00:00,383.53,385.28,380.14,382.36,1894453
4/14/2015 16:00:00,383.48,387.81,381.21,385.11,2583575
4/15/2015 16:00:00,384.95,385.78,381.64,383.45,1933229
4/16/2015 16:00:00,383.69,387.45,383.55,386.04,2080418
4/17/2015 16:00:00,382.51,383.56,374.4,375.56,3839664
4/20/2015 16:00:00,378.55,391.94,377,389.51,5016148
4/21/2015 16:00:00,391,394.6,386.8,391.18,4643524
4/22/2015 16:00:00,391.98,394.28,388,389.8,3474724
4/23/2015 16:00:00,390.21,391.88,386.15,389.99,7979985
4/24/2015 16:00:00,439,452.65,439,445.1,17176904
4/27/2015 16:00:00,443.9,446.99,437.41,438.56,5430949
4/28/2015 16:00:00,438.51,439,428.04,429.31,4140483
4/29/2015 16:00:00,426.76,434.24,426.03,429.37,3621688
4/30/2015 16:00:00,427.15,431.75,419.24,421.78,3647877
5/1/2015 16:00:00,424,425.64,416,422.87,3565824
5/4/2015 16:00:00,424.8,429.77,422.42,423.04,2270448
5/5/2015 16:00:00,422.85,427.51,421.02,421.19,2856386
5/6/2015 16:00:00,421.92,422.72,414.55,419.1,2552474
5/7/2015 16:00:00,423.96,428.5,422.85,426.88,2766132
5/8/2015 16:00:00,430.75,435.2,430.17,433.69,2908838
5/11/2015 16:00:00,432.51,439,431.37,432.85,2393737
5/12/2015 16:00:00,431.01,433.25,426.71,431.02,1947822
5/13/2015 16:00:00,429.58,433.53,425.8,426.87,1996328
5/14/2015 16:00:00,429.26,433,427.01,432.28,1888477
5/15/2015 16:00:00,428,430.4,424.3,426,4240306
5/18/2015 16:00:00,425.77,427.27,421.46,425.24,2390229
5/19/2015 16:00:00,424.94,428.24,420.63,421.71,2465240
5/20/2015 16:00:00,420.69,427.1,418.36,423.86,2196159
5/21/2015 16:00:00,428,436.9,428,431.63,4121401
5/22/2015 16:00:00,431.55,432.44,427.61,427.63,2020629
5/26/2015 16:00:00,426.4,427,422,425.47,2244185
5/27/2015 16:00:00,427.63,431.85,425.01,431.42,2231088
5/28/2015 16:00:00,429.71,431.35,425.47,426.57,1912436
5/29/2015 16:00:00,427.31,432.5,427.23,429.23,3016060
6/1/2015 16:00:00,430.41,433.16,426.2,430.92,2253264
6/2/2015 16:00:00,430,433.23,426.25,430.99,1669845
6/3/2015 16:00:00,434.4,438.39,432.75,436.59,2727914
6/4/2015 16:00:00,434.4,436.76,429.26,430.78,2510761
6/5/2015 16:00:00,429.46,430.8,426.5,426.95,1907855
6/8/2015 16:00:00,425.63,426.8,421.43,423.5,2172525
6/9/2015 16:00:00,422.46,427.49,419.14,425.48,2288663
6/10/2015 16:00:00,426.46,432.2,425.66,430.77,2172333
6/11/2015 16:00:00,432.29,438.89,431.47,432.97,2922459
6/12/2015 16:00:00,431.03,432.36,428.26,429.92,2054385
6/15/2015 16:00:00,427.66,428.05,422.64,423.67,2050987
6/16/2015 16:00:00,423.62,427.97,422.67,427.26,2297469
6/17/2015 16:00:00,428.36,431.35,424.75,427.81,2185869
6/18/2015 16:00:00,430.37,439.73,429.41,439.39,3378360
6/19/2015 16:00:00,440.39,444.99,433.24,434.92,4495087
6/22/2015 16:00:00,437,439.24,434.18,436.29,1823572
6/23/2015 16:00:00,435.58,447.04,433.69,445.99,3245049
6/24/2015 16:00:00,444.99,446.47,440.23,440.84,2620827
6/25/2015 16:00:00,438.24,443.47,436.39,440.1,2237458
6/26/2015 16:00:00,442.19,443.49,435.06,438.1,2624479
6/29/2015 16:00:00,434.82,437,429,429.86,2753193
6/30/2015 16:00:00,434.21,435.57,430.46,434.09,2596873
7/1/2015 16:00:00,439.07,440,435.58,437.39,1987076
7/2/2015 16:00:00,437.31,438.2,433.48,437.71,1343397
7/6/2015 16:00:00,435.23,439.73,433.52,436.04,1903161
7/7/2015 16:00:00,435.68,437.73,425.57,436.72,3454248
7/8/2015 16:00:00,434.35,435.99,428.83,429.7,2383130
7/9/2015 16:00:00,434.9,438.72,434.15,434.39,2271395
7/10/2015 16:00:00,440.49,444.72,439,443.51,2400981
7/13/2015 16:00:00,448.29,457.87,447.54,455.57,3956802
7/14/2015 16:00:00,462.32,469.6,458.16,465.57,4736215
7/15/2015 16:00:00,463.04,464.7,460.2,461.19,2987399
7/16/2015 16:00:00,465.5,475.88,464.8,475.48,4095581
7/17/2015 16:00:00,477.7,485.42,477.25,483.01,4932176
7/20/2015 16:00:00,492.57,493.2,485.4,488.1,4752491
7/21/2015 16:00:00,487.9,488.88,482.55,488,3181831
7/22/2015 16:00:00,485.99,492.5,484.9,488.27,3114898
7/23/2015 16:00:00,491.66,491.66,475.7,482.18,9374431
7/24/2015 16:00:00,578.99,580.57,529.35,529.42,21909381
7/27/2015 16:00:00,527.75,544.95,526.6,531.41,7490960
7/28/2015 16:00:00,536,536.39,523.12,526.03,5273092
7/29/2015 16:00:00,530.92,532.97,525.02,529,3752634
7/30/2015 16:00:00,527.65,539.2,524.29,536.76,3743065
7/31/2015 16:00:00,539.09,542.84,534.52,536.15,3025598
8/3/2015 16:00:00,537.45,540.44,529.36,535.03,3014236
8/4/2015 16:00:00,529.69,536.95,529.16,531.9,2934590
8/5/2015 16:00:00,538.8,539.14,534.12,537.01,2889350
8/6/2015 16:00:00,539.3,542.74,527.52,529.46,3820453
8/7/2015 16:00:00,529.16,529.46,518.21,522.62,3969215
8/10/2015 16:00:00,528.52,532.28,523,524,2615926
8/11/2015 16:00:00,523.65,528.98,522,527.46,2676600
8/12/2015 16:00:00,523.75,527.5,513.06,525.91,4014684
8/13/2015 16:00:00,527.37,534.66,525.48,529.66,2895238
8/14/2015 16:00:00,528.25,534.11,528.25,531.52,1994799
8/17/2015 16:00:00,531.29,538.74,527.12,535.22,2581680
8/18/2015 16:00:00,535.04,539.49,533,535.02,2071342
8/19/2015 16:00:00,533.74,537.25,529,532.92,2324040
8/20/2015 16:00:00,530.39,533.25,515.77,515.78,4407990
8/21/2015 16:00:00,507.36,512.33,494.47,494.47,6706466
8/24/2015 16:00:00,463.58,489.76,451,463.37,10097601
8/25/2015 16:00:00,487.49,489.44,466.25,466.37,5679329
8/26/2015 16:00:00,484.02,503.72,478.76,500.77,6358639
8/27/2015 16:00:00,513.71,522.69,507.26,518.37,6114506
8/28/2015 16:00:00,517.5,521.5,513.04,518.01,2746708
8/31/2015 16:00:00,516.44,519.41,509.07,512.89,3002293
9/1/2015 16:00:00,499.14,510,493.43,496.54,3864514
9/2/2015 16:00:00,505.09,510.86,497.72,510.55,3707116
9/3/2015 16:00:00,514.5,515.84,502.57,504.72,3149694
9/4/2015 16:00:00,497.65,502.85,495.64,499,2692510
9/8/2015 16:00:00,508.69,518.35,508.51,517.54,3810653
9/9/2015 16:00:00,524,529.95,515.06,516.89,4370657
9/10/2015 16:00:00,515.15,526.13,514.78,522.24,2575982
9/11/2015 16:00:00,521.07,529.44,520.61,529.44,3227862
9/14/2015 16:00:00,529.44,532.45,518.58,521.38,3130241
9/15/2015 16:00:00,523.25,527.92,517.2,522.37,2865933
9/16/2015 16:00:00,521.98,528.3,518.52,527.39,2252790
9/17/2015 16:00:00,526.98,546.97,526.57,538.87,4169484
9/18/2015 16:00:00,534.62,546.24,531.35,540.26,6160075
9/21/2015 16:00:00,544.33,549.78,539.59,548.39,3283313
9/22/2015 16:00:00,539.71,543.55,532.66,538.4,3841748
9/23/2015 16:00:00,538.3,541.21,534,536.07,2237571
9/24/2015 16:00:00,530.55,534.56,522.87,533.75,3500964
9/25/2015 16:00:00,542.57,542.8,521.4,524.25,4030998
9/28/2015 16:00:00,520.02,520.28,494.33,504.06,5434532
9/29/2015 16:00:00,506,511.48,490.5,496.07,4457532
9/30/2015 16:00:00,505.44,512.8,501.67,511.89,4004681
10/1/2015 16:00:00,511,520.8,506,520.72,3768483
10/2/2015 16:00:00,512.99,532.6,508.1,532.54,4597795
10/5/2015 16:00:00,536.99,545.91,536,543.68,3391359
10/6/2015 16:00:00,545.5,551.5,533.33,537.48,4547519
10/7/2015 16:00:00,541.79,542,529,541.94,3812087
10/8/2015 16:00:00,536.71,539.39,519.89,533.16,4676440
10/9/2015 16:00:00,534.48,541.79,530.27,539.8,3537364
10/12/2015 16:00:00,539.96,550.82,539.8,550.19,2776103
10/13/2015 16:00:00,546.26,553.2,543.1,548.9,2938044
10/14/2015 16:00:00,551.34,552.25,539.68,544.83,3582060
10/15/2015 16:00:00,547.75,563,547,562.44,4937034
10/16/2015 16:00:00,565.27,570.94,560.31,570.76,4315792
10/19/2015 16:00:00,570.76,579,567.38,573.15,4375420
10/20/2015 16:00:00,572,573,555.28,560.88,4346209
10/21/2015 16:00:00,563.87,565.25,552.52,555.77,3361655
10/22/2015 16:00:00,562.7,569.15,556.67,563.91,7779372
10/23/2015 16:00:00,617.68,619.45,595.36,599.03,10692667
10/26/2015 16:00:00,602.3,609.85,596.29,608.61,4269715
10/27/2015 16:00:00,608.6,614.71,605.53,611.01,3787136
10/28/2015 16:00:00,612.3,617.23,609.5,617.1,3926200
10/29/2015 16:00:00,617.7,627.54,615.39,626.55,3896026
10/30/2015 16:00:00,626.01,630.72,625.28,625.9,3874363
11/2/2015 16:00:00,627.13,628.63,620.41,628.35,2816479
11/3/2015 16:00:00,629.53,629.89,622,625.31,3246910
11/4/2015 16:00:00,627.76,645.93,627.35,640.95,4840501
11/5/2015 16:00:00,647.1,657,643.09,655.65,4723825
11/6/2015 16:00:00,655,662.26,652,659.37,4092165
11/9/2015 16:00:00,658.65,661.96,647.85,655.49,4048823
11/10/2015 16:00:00,651.01,660,647.26,659.68,3489483
11/11/2015 16:00:00,663.25,675.96,663.25,673.25,5387309
11/12/2015 16:00:00,673,675.64,664.22,665.6,4284678
11/13/2015 16:00:00,663.57,667,640.45,642.35,6261076
11/16/2015 16:00:00,640.92,649.99,622.29,647.81,7435934
11/17/2015 16:00:00,650.65,653.25,641,643.3,4320177
11/18/2015 16:00:00,646.51,664.88,646.37,663.54,4469769
11/19/2015 16:00:00,664.99,672.86,659,661.27,4705237
11/20/2015 16:00:00,667.94,668.87,657.57,668.45,3896135
11/23/2015 16:00:00,671.5,682.77,668.45,678.99,4385057
11/24/2015 16:00:00,674.14,675.8,661.21,671.15,4543417
11/25/2015 16:00:00,675,679.7,671.24,675.34,2697889
11/27/2015 16:00:00,680.8,680.99,672.1,673.26,1966801
11/30/2015 16:00:00,675.9,681.29,664.6,664.8,5693172
12/1/2015 16:00:00,673.75,681,667.86,679.06,4751152
12/2/2015 16:00:00,681,684.82,674.25,676.01,4273526
12/3/2015 16:00:00,679.44,682.79,661.48,666.25,5064736
12/4/2015 16:00:00,666,674.78,661.4,672.64,4534796
12/7/2015 16:00:00,674.74,675.46,660.5,669.83,3732814
12/8/2015 16:00:00,663.13,679.99,659.79,677.33,3651908
12/9/2015 16:00:00,678,679,655.68,664.79,5158172
12/10/2015 16:00:00,665.59,668.53,659.56,662.32,3455472
12/11/2015 16:00:00,651.23,657.88,639.62,640.15,5474420
12/14/2015 16:00:00,641.75,658.59,635.27,657.91,4361273
12/15/2015 16:00:00,665.03,671.5,657.35,658.64,4753415
12/16/2015 16:00:00,663.56,677.35,659.32,675.77,3964470
12/17/2015 16:00:00,680,682.5,670.65,670.65,3681645
12/18/2015 16:00:00,668.65,676.84,664.13,664.14,6841304
12/21/2015 16:00:00,668.5,669.9,658.93,664.51,3250900
12/22/2015 16:00:00,666.83,668.49,659.26,663.15,2667795
12/23/2015 16:00:00,666.5,666.6,656.63,663.7,2722922
12/24/2015 16:00:00,663.35,664.68,660.6,662.79,1092970
12/28/2015 16:00:00,665.56,675.5,665.5,675.2,3783555
12/29/2015 16:00:00,677.98,696.44,677.89,693.97,5734996
12/30/2015 16:00:00,691.89,695.49,686.38,689.07,3519003
12/31/2015 16:00:00,686.08,687.75,675.89,675.89,3749560
1/4/2016 16:00:00,656.29,657.72,627.51,636.99,9314519
1/5/2016 16:00:00,646.86,646.91,627.65,633.79,5822603
1/6/2016 16:00:00,622,639.79,620.31,632.65,5329197
1/7/2016 16:00:00,621.8,630,605.21,607.94,7074915
1/8/2016 16:00:00,619.66,624.14,606,607.05,5512915
1/11/2016 16:00:00,612.48,619.85,598.57,617.74,4891551
1/12/2016 16:00:00,625.25,625.99,612.24,617.89,4724100
1/13/2016 16:00:00,620.88,620.88,579.16,581.81,7655239
1/14/2016 16:00:00,580.25,602.25,569.88,593,7237978
1/15/2016 16:00:00,572.24,584.62,565.3,570.18,7784523
1/19/2016 16:00:00,577.09,584,566.45,574.48,4807165
1/20/2016 16:00:00,564.36,578.45,547.18,571.77,7966406
1/21/2016 16:00:00,573.58,588.81,568.22,575.02,4952217
1/22/2016 16:00:00,588.73,600.1,584.11,596.38,5120144
1/25/2016 16:00:00,597.99,608.5,594.56,596.53,4396079
1/26/2016 16:00:00,603.45,604.5,590.38,601.25,3765655
1/27/2016 16:00:00,601.99,603.39,578.78,583.35,5152853
1/28/2016 16:00:00,608.37,638.06,597.55,635.35,14015171
1/29/2016 16:00:00,571.98,593,570,587,14677550
2/1/2016 16:00:00,578.15,581.8,570.31,574.81,6355123
2/2/2016 16:00:00,570,571.56,550.09,552.1,6312045
2/3/2016 16:00:00,553.5,556,521.9,531.07,10048709
2/4/2016 16:00:00,525,538.99,519.22,536.26,6199070
2/5/2016 16:00:00,529.28,529.45,499.19,502.13,9708929
2/8/2016 16:00:00,486.47,493.5,475.21,488.1,9825509
2/9/2016 16:00:00,478.01,498.38,474,482.07,7077915
2/10/2016 16:00:00,491.76,504.66,486,490.48,6786181
2/11/2016 16:00:00,491.17,509.3,484,503.82,7397393
2/12/2016 16:00:00,510.7,516.75,501.49,507.08,5384787
2/16/2016 16:00:00,519.48,524.45,511.66,521.1,5118500
2/17/2016 16:00:00,528.74,537.48,519.39,534.1,4824002
2/18/2016 16:00:00,541.19,541.2,523.73,525,4735008
2/19/2016 16:00:00,520.71,535.95,515.35,534.9,4974717
2/22/2016 16:00:00,542.2,560.65,541.08,559.5,5566553
2/23/2016 16:00:00,555.55,556.91,545.33,552.94,4050790
2/24/2016 16:00:00,545.75,554.27,533.15,554.04,6231668
2/25/2016 16:00:00,555.52,559.39,545.29,555.15,4525463
2/26/2016 16:00:00,560.12,562.5,553.17,555.23,4877039
2/29/2016 16:00:00,554,564.81,552.51,552.52,4145396
3/1/2016 16:00:00,556.29,579.25,556,579.04,5038452
3/2/2016 16:00:00,581.75,585,573.7,580.21,4582170
3/3/2016 16:00:00,577.96,579.87,573.11,577.49,2741292
3/4/2016 16:00:00,581.07,581.4,571.07,575.14,3416545
3/7/2016 16:00:00,573.54,573.63,555.55,562.8,4932527
3/8/2016 16:00:00,557.87,571.35,554.74,560.26,4729952
3/9/2016 16:00:00,559.56,560.35,550.13,559.47,4377283
3/10/2016 16:00:00,566.74,567,547.9,558.93,3919892
3/11/2016 16:00:00,566.95,570.06,562.73,569.61,3771310
3/14/2016 16:00:00,567,576.89,563.05,573.37,3454152
3/15/2016 16:00:00,571,581.52,567,577.02,3876821
3/16/2016 16:00:00,576.64,581.32,571.14,574.27,3537669
3/17/2016 16:00:00,569.51,571.4,555.01,559.44,1836751
3/18/2016 16:00:00,560.94,562.33,546.09,552.08,7296885
3/21/2016 16:00:00,548.91,555.24,538.58,553.98,5155732
3/22/2016 16:00:00,545.11,562.76,545.05,560.48,4000564
3/23/2016 16:00:00,561,572.48,558.1,569.63,3983720
3/24/2016 16:00:00,567.11,583.55,567.08,582.95,5185539
3/28/2016 16:00:00,584.4,584.75,575.56,579.87,3121522
3/29/2016 16:00:00,580.15,595.85,576.5,593.86,4392567
3/30/2016 16:00:00,596.71,603.24,595,598.69,3890461
3/31/2016 16:00:00,599.28,600.75,592.21,593.64,2681811
4/1/2016 16:00:00,590.49,599.03,588.3,598.5,2917386
4/4/2016 16:00:00,599,599.5,590.55,593.19,2470825
4/5/2016 16:00:00,590.77,593.47,585.25,586.14,2308884
4/6/2016 16:00:00,587.52,602.39,587.5,602.08,2849909
4/7/2016 16:00:00,598.76,599.6,589.08,591.43,3189037
4/8/2016 16:00:00,594.32,597.86,589,594.6,2591936
4/11/2016 16:00:00,596.14,604,594.91,595.93,2704267
4/12/2016 16:00:00,598.4,604.06,592.31,603.17,2641062
4/13/2016 16:00:00,607.68,616.81,605.29,614.82,4228349
4/14/2016 16:00:00,615.07,624.38,615.07,620.75,3512136
4/15/2016 16:00:00,621.92,626.77,618.11,625.89,2887681
4/18/2016 16:00:00,625.35,637.64,624.96,635.35,4360883
4/19/2016 16:00:00,637.14,638.01,620.8,627.9,4055870
4/20/2016 16:00:00,630,636.55,623,632.99,2609425
4/21/2016 16:00:00,631,637.82,628.5,631,2596298
4/22/2016 16:00:00,624.47,628.25,611.56,620.5,5083904
4/25/2016 16:00:00,616.61,626.98,616.25,626.2,2682924
4/26/2016 16:00:00,626.17,626.75,614.88,616.88,2521433
4/27/2016 16:00:00,611.8,615.95,601.28,606.57,4068767
4/28/2016 16:00:00,615.54,626.8,599.2,602,7872605
4/29/2016 16:00:00,666,669.98,654,659.59,10310739
5/2/2016 16:00:00,663.92,685.5,662.03,683.85,6578517
5/3/2016 16:00:00,677.36,680.3,670.43,671.32,4923351
5/4/2016 16:00:00,662.59,674,662.14,670.9,4635462
5/5/2016 16:00:00,673.31,676.49,656,659.09,4884114
5/6/2016 16:00:00,656.05,676.95,656.01,673.95,4365345
5/9/2016 16:00:00,673.95,686.98,671.41,679.75,3982161
5/10/2016 16:00:00,694,704.55,693.5,703.07,6105570
5/11/2016 16:00:00,705.79,719,701.65,713.23,7338196
5/12/2016 16:00:00,717.38,722.45,711.51,717.93,5048150
5/13/2016 16:00:00,714.64,719.25,706.51,709.92,4763419
5/16/2016 16:00:00,710.13,713.25,700.28,710.66,5432920
5/17/2016 16:00:00,709.9,714.47,693.91,695.27,5121357
5/18/2016 16:00:00,689.56,702.54,688.76,697.45,4283189
5/19/2016 16:00:00,691.88,699.4,689.56,698.52,3025566
5/20/2016 16:00:00,701.05,707.24,700,702.8,2916165
5/23/2016 16:00:00,704.25,706,696.42,696.75,2595082
5/24/2016 16:00:00,698.01,707.5,698,704.2,3033782
5/25/2016 16:00:00,708,710.86,705.52,708.35,3276631
5/26/2016 16:00:00,708.33,715,707.29,714.91,2446681
5/27/2016 16:00:00,715,716.6,711.1,712.24,2249164
5/31/2016 16:00:00,712.33,724.23,711.32,722.79,3618323
6/1/2016 16:00:00,720.9,726.43,718.22,719.44,3263107
6/2/2016 16:00:00,720.97,728.28,715.5,728.24,3026583
6/3/2016 16:00:00,726.74,727,718.43,725.54,3367306
6/6/2016 16:00:00,726.5,731.5,724.42,726.73,2704806
6/7/2016 16:00:00,729.89,730,720.55,723.74,2732463
6/8/2016 16:00:00,726.4,729.42,721.6,726.64,2223366
6/9/2016 16:00:00,723.1,728.91,722.3,727.65,2170318
6/10/2016 16:00:00,722.35,724.98,714.21,717.91,3425718
6/13/2016 16:00:00,714.01,721.99,711.16,715.24,3352201
6/14/2016 16:00:00,712.33,720.81,712.27,719.3,2506922
6/15/2016 16:00:00,722,722.56,713.35,714.26,2709447
6/16/2016 16:00:00,712.05,718,705.3,717.51,3097961
6/17/2016 16:00:00,718.19,718.2,699.18,706.39,5897788
6/20/2016 16:00:00,713.5,721.31,710.81,714.01,3677162
6/21/2016 16:00:00,715.72,718.4,712.72,715.82,2137534
6/22/2016 16:00:00,716.58,717,707.57,710.6,2260454
6/23/2016 16:00:00,715.5,722.12,712.5,722.08,2824974
6/24/2016 16:00:00,693,712.53,692.2,698.96,7632511
6/27/2016 16:00:00,692.01,696.82,682.12,691.36,5584037
6/28/2016 16:00:00,700,708,698.17,707.95,4036957
6/29/2016 16:00:00,715.75,719.5,713.54,715.6,3070052
6/30/2016 16:00:00,717.2,719.37,712.54,715.62,2855142
7/1/2016 16:00:00,717.32,728,716.54,725.68,2920423
7/5/2016 16:00:00,722.8,728.11,719.61,728.1,2431431
7/6/2016 16:00:00,725.71,737.77,722.58,737.61,3938249
7/7/2016 16:00:00,739.33,739.55,731.63,736.57,2945783
7/8/2016 16:00:00,740.14,746.1,738,745.81,3429217
7/11/2016 16:00:00,750,755.9,747,753.78,3195272
7/12/2016 16:00:00,756.86,757.34,740.33,748.21,5623657
7/13/2016 16:00:00,746.76,756.87,741.25,742.63,4142265
7/14/2016 16:00:00,748.86,749.04,739.02,741.2,2390472
7/15/2016 16:00:00,746.55,746.55,734.05,735.44,3121385
7/18/2016 16:00:00,735.49,741.6,728.72,736.07,2954914
7/19/2016 16:00:00,732.5,743.33,732.31,739.95,2216820
7/20/2016 16:00:00,744,746.25,740.7,745.72,2214023
7/21/2016 16:00:00,747.5,749.36,742.79,744.43,2317072
7/22/2016 16:00:00,747.79,751.28,743.53,744.86,2277711
7/25/2016 16:00:00,746.55,748.5,735.35,739.61,2679290
7/26/2016 16:00:00,742.71,743.13,732.75,735.59,2529692
7/27/2016 16:00:00,737.97,740.94,733.86,736.67,2913134
7/28/2016 16:00:00,745.98,753.36,739.7,752.61,7617580
7/29/2016 16:00:00,765,766,755,758.81,6777050
8/1/2016 16:00:00,759.87,770.5,757.06,767.74,3578205
8/2/2016 16:00:00,763.81,765.01,757.02,760.58,3603280
8/3/2016 16:00:00,757.06,758.89,752.25,754.64,3581525
8/4/2016 16:00:00,753.7,765,750.35,760.77,3178208
8/5/2016 16:00:00,764.81,768.47,763.09,765.98,2704391
8/8/2016 16:00:00,766.81,767,761.02,766.56,1986272
8/9/2016 16:00:00,767.39,772.6,766.9,768.31,1876091
8/10/2016 16:00:00,769.8,772.1,766.19,768.56,1604280
8/11/2016 16:00:00,769.94,773.75,769.12,771.24,2019740
8/12/2016 16:00:00,768.46,773.15,768.42,772.56,1563318
8/15/2016 16:00:00,771.9,772.04,767.71,768.49,2118521
8/16/2016 16:00:00,768.62,768.73,763.82,764.04,1604561
8/17/2016 16:00:00,764.41,765.22,759.2,764.63,1891116
8/18/2016 16:00:00,764,765.17,760.6,764.46,1458834
8/19/2016 16:00:00,761.9,762.49,756.89,757.31,2343237
8/22/2016 16:00:00,757.5,759.85,752.1,759.48,1679251
8/23/2016 16:00:00,763.31,764.7,761,762.45,1524131
8/24/2016 16:00:00,763,763.41,755.36,757.25,1744107
8/25/2016 16:00:00,756,760.56,754.74,759.22,1622992
8/26/2016 16:00:00,760.05,770,759.8,769,2776830
8/29/2016 16:00:00,768.72,774.98,768.6,771.29,2198560
8/30/2016 16:00:00,771.05,771.84,765.56,767.58,1709158
8/31/2016 16:00:00,766.6,769.64,764,769.16,1633789
9/1/2016 16:00:00,770.9,772.04,766.75,770.62,1792271
9/2/2016 16:00:00,774.11,776,771.7,772.44,2181792
9/6/2016 16:00:00,774.04,789.48,770.22,788.87,3719788
9/7/2016 16:00:00,789.53,790.79,784.33,784.48,2424622
9/8/2016 16:00:00,783.89,786.5,781.44,784.06,2030511
9/9/2016 16:00:00,779.36,781,760.11,760.14,4257344
9/12/2016 16:00:00,757.35,772.66,756,771.49,3124704
9/13/2016 16:00:00,768.77,769.89,759.05,761.01,3117224
9/14/2016 16:00:00,762.2,767.5,758.85,761.09,2531822
9/15/2016 16:00:00,762,770.87,757.58,769.69,3043534
9/16/2016 16:00:00,773.28,780.46,771.66,778.52,5499182
9/19/2016 16:00:00,779.97,781.94,771,775.1,2297221
9/20/2016 16:00:00,776,781.37,776,780.22,1937164
9/21/2016 16:00:00,783.25,790.69,779.01,789.74,2718644
9/22/2016 16:00:00,794.27,805.89,794.27,804.7,4078910
9/23/2016 16:00:00,803.13,807.75,802.12,805.75,2353511
9/26/2016 16:00:00,801.8,805.93,797.15,799.16,2651397
9/27/2016 16:00:00,801.85,816.64,801.11,816.11,3819600
9/28/2016 16:00:00,818,830.14,817.03,828.72,4422078
9/29/2016 16:00:00,828.26,837.5,824.63,829.05,4922248
9/30/2016 16:00:00,832.61,839.95,832.4,837.31,4430566
10/3/2016 16:00:00,836,839.86,831.25,836.74,2769448
10/4/2016 16:00:00,840.91,842.37,830.26,834.03,2950314
10/5/2016 16:00:00,838,845.67,836.12,844.36,3469055
10/6/2016 16:00:00,843.7,847.21,840.6,841.66,2684013
10/7/2016 16:00:00,845.79,845.95,837.45,839.43,2426228
10/10/2016 16:00:00,843.25,845.2,840.27,841.71,1827143
10/11/2016 16:00:00,841.02,841.29,828.35,831,3588180
10/12/2016 16:00:00,834,837.67,830.1,834.09,2380416
10/13/2016 16:00:00,829,831.8,821.21,829.28,3091387
10/14/2016 16:00:00,835.08,835.74,822.96,822.96,2999814
10/17/2016 16:00:00,821.5,822,811.68,812.95,3361492
10/18/2016 16:00:00,822.11,823.26,815.02,817.65,2512504
10/19/2016 16:00:00,820.4,820.67,815.17,817.69,2090706
10/20/2016 16:00:00,813.99,815.71,803.1,810.32,3151954
10/21/2016 16:00:00,809.36,819.42,809,818.99,2793015
10/24/2016 16:00:00,824.95,838.3,822.21,838.09,4060899
10/25/2016 16:00:00,839.3,843.09,833.22,835.18,3248358
10/26/2016 16:00:00,832.76,833.44,820,822.59,3998102
10/27/2016 16:00:00,831.24,831.72,815.43,818.36,7406385
10/28/2016 16:00:00,782,789.49,774.61,776.32,10841073
10/31/2016 16:00:00,781.03,793.7,780.11,789.82,5413326
11/1/2016 16:00:00,799,800.84,776.71,785.41,5305428
11/2/2016 16:00:00,783.93,784.75,763.55,765.56,5026504
11/3/2016 16:00:00,765.05,777,764,767.03,3872496
11/4/2016 16:00:00,762.79,766,753.23,755.05,5122103
11/7/2016 16:00:00,771.64,787.73,770.94,784.93,5984354
11/8/2016 16:00:00,784.97,791.74,779.1,787.75,3412629
11/9/2016 16:00:00,764,777.5,760.09,771.88,8562892
11/10/2016 16:00:00,778.81,778.83,717.7,742.38,12746994
11/11/2016 16:00:00,735.73,743.26,728.9,739.01,6622784
11/14/2016 16:00:00,745.51,746,710.1,719.07,7321344
11/15/2016 16:00:00,730,746.78,725.99,743.24,6755785
11/16/2016 16:00:00,739.88,749.87,735.61,746.49,3648791
11/17/2016 16:00:00,749.32,757.5,748,756.4,3690112
11/18/2016 16:00:00,761,767.74,757.64,760.16,4373408
11/21/2016 16:00:00,766,780.35,765.11,780,4614574
11/22/2016 16:00:00,788.17,792.4,781,785.33,5311320
11/23/2016 16:00:00,781.73,781.75,773.12,780.12,3540263
11/25/2016 16:00:00,786.5,786.75,777.9,780.37,1837068
11/28/2016 16:00:00,776.99,777,764.24,766.77,4438828
11/29/2016 16:00:00,768,769.89,761.32,762.52,3272344
11/30/2016 16:00:00,762,768.09,750.25,750.57,4625946
12/1/2016 16:00:00,752.41,753.37,738.03,743.65,4665993
12/2/2016 16:00:00,743.4,748.49,736.7,740.34,3561307
12/5/2016 16:00:00,745,761.49,742,759.36,4314723
12/6/2016 16:00:00,763.99,768.24,757.25,764.72,3794746
12/7/2016 16:00:00,764.55,770.42,755.82,770.42,3684906
12/8/2016 16:00:00,771.87,773.79,765.19,767.33,3189608
12/9/2016 16:00:00,770,770.25,765.34,768.66,2470923
12/12/2016 16:00:00,766.4,766.89,757.2,760.12,2963945
12/13/2016 16:00:00,764.96,782.46,762,774.34,5285288
12/14/2016 16:00:00,778.25,780.86,762.81,768.82,5454836
12/15/2016 16:00:00,766.28,769.1,760.31,761,3801927
12/16/2016 16:00:00,765,765.13,754,757.77,4848219
12/19/2016 16:00:00,758.89,770.5,756.16,766,3113240
12/20/2016 16:00:00,768.65,774.39,767.71,771.22,2703629
12/21/2016 16:00:00,770,771.22,765.7,770.6,2044629
12/22/2016 16:00:00,768.12,771.21,763.02,766.34,2543551
12/23/2016 16:00:00,764.55,766.5,757.99,760.59,1981616
12/27/2016 16:00:00,763.4,774.65,761.2,771.4,2638725
12/28/2016 16:00:00,776.25,780,770.5,772.13,3301025
12/29/2016 16:00:00,772.4,773.4,760.85,765.15,3158299
12/30/2016 16:00:00,766.47,767.4,748.28,749.87,4139449
1/3/2017 16:00:00,757.92,758.76,747.7,753.67,3521066
1/4/2017 16:00:00,758.39,759.68,754.2,757.18,2510526
1/5/2017 16:00:00,761.55,782.4,760.26,780.45,5830068
1/6/2017 16:00:00,782.36,799.44,778.48,795.99,5986234
1/9/2017 16:00:00,798,801.77,791.77,796.92,3446109
1/10/2017 16:00:00,796.6,798,789.54,795.9,2558369
1/11/2017 16:00:00,793.66,799.5,789.51,799.02,2992791
1/12/2017 16:00:00,800.31,814.13,799.5,813.64,4873922
1/13/2017 16:00:00,814.32,821.65,811.4,817.14,3791945
1/17/2017 16:00:00,815.7,816,803.44,809.72,3670529
1/18/2017 16:00:00,809.5,811.73,804.27,807.48,2354201
1/19/2017 16:00:00,810,813.51,807.32,809.04,2540784
1/20/2017 16:00:00,815.28,816.02,806.26,808.33,3376196
1/23/2017 16:00:00,806.8,818.5,805.08,817.88,2797474
1/24/2017 16:00:00,822,823.99,814.5,822.44,2971740
1/25/2017 16:00:00,825.79,837.42,825.29,836.52,4023078
1/26/2017 16:00:00,835.53,843.84,833,839.15,3586323
1/27/2017 16:00:00,839,839.7,829.44,835.77,2998700
1/30/2017 16:00:00,833,833.5,816.38,830.38,3747336
1/31/2017 16:00:00,823.75,826.99,819.56,823.48,3137196
2/1/2017 16:00:00,829.21,833.78,824.94,832.35,3850181
2/2/2017 16:00:00,836.59,842.49,828.26,839.95,7350492
2/3/2017 16:00:00,806.72,818.3,804,810.2,10868773
2/6/2017 16:00:00,809.8,810.72,803,807.64,3897301
2/7/2017 16:00:00,809.31,816.16,807.5,812.5,3466091
2/8/2017 16:00:00,812.69,821.48,812.5,819.71,2857985
2/9/2017 16:00:00,821.6,825,819.71,821.36,2484948
2/10/2017 16:00:00,823.82,828,822.85,827.46,2429609
2/13/2017 16:00:00,831.62,843,828.55,836.53,4172618
2/14/2017 16:00:00,837,838.31,831.45,836.39,2792442
2/15/2017 16:00:00,834,842.81,832.82,842.7,2968853
2/16/2017 16:00:00,841.84,845,839.38,844.14,2714667
2/17/2017 16:00:00,842,847.27,840.73,845.07,3112275
2/21/2017 16:00:00,848.84,857.98,847.25,856.44,3507742
2/22/2017 16:00:00,856.95,858.43,852.18,855.61,2616971
2/23/2017 16:00:00,857.57,860.86,848,852.19,3461984
2/24/2017 16:00:00,844.69,845.81,837.75,845.24,3687963
2/27/2017 16:00:00,842.38,852.5,839.67,848.64,2713627
2/28/2017 16:00:00,851.45,854.09,842.05,845.04,2793709
3/1/2017 16:00:00,853.05,854.83,849.01,853.08,2760083
3/2/2017 16:00:00,853.08,854.82,847.28,848.91,2132098
3/3/2017 16:00:00,847.2,851.99,846.27,849.88,1951575
3/6/2017 16:00:00,845.23,848.49,841.12,846.61,2610370
3/7/2017 16:00:00,845.48,848.46,843.75,846.02,2247554
3/8/2017 16:00:00,848,853.07,846.79,850.5,2288317
3/9/2017 16:00:00,851,856.4,850.31,853,2048187
3/10/2017 16:00:00,857,857.35,851.72,852.46,2436434
3/13/2017 16:00:00,853.11,855.69,851.71,854.59,1909672
3/14/2017 16:00:00,853.55,853.75,847.55,852.53,2130586
3/15/2017 16:00:00,854.33,854.45,847.11,852.97,2562176
3/16/2017 16:00:00,855.3,855.5,850.51,853.42,1842296
3/17/2017 16:00:00,853.49,853.83,850.64,852.31,3384403
3/20/2017 16:00:00,851.51,857.8,851.01,856.97,2282727
3/21/2017 16:00:00,858.84,862.8,841.31,843.2,4382852
3/22/2017 16:00:00,840.43,849.37,839.05,848.06,2658669
3/23/2017 16:00:00,848.2,850.89,844.8,847.38,1952964
3/24/2017 16:00:00,851.68,851.8,843.53,845.61,2138269
3/27/2017 16:00:00,838.07,850.3,833.5,846.82,2755775
3/28/2017 16:00:00,851.75,858.46,850.1,856,3041633
3/29/2017 16:00:00,859.05,876.44,859.02,874.32,4485770
3/30/2017 16:00:00,874.95,877.06,871.66,876.34,2762730
3/31/2017 16:00:00,877,890.35,876.65,886.54,3957612
4/3/2017 16:00:00,888,893.49,885.42,891.51,3422328
4/4/2017 16:00:00,891.5,908.54,890.28,906.83,4984656
4/5/2017 16:00:00,910.82,923.72,905.62,909.28,7508370
4/6/2017 16:00:00,913.8,917.19,894.49,898.28,6344065
4/7/2017 16:00:00,899.65,900.09,889.31,894.88,3710922
4/10/2017 16:00:00,899.63,908.51,899,907.04,3184301
4/11/2017 16:00:00,907.04,911.24,897.5,902.36,3012743
4/12/2017 16:00:00,903.09,904.09,895.25,896.23,2456140
4/13/2017 16:00:00,891.45,894.97,884.49,884.67,3174583
4/17/2017 16:00:00,887.5,902.38,887.5,901.99,2854673
4/18/2017 16:00:00,900.99,909.61,900.78,903.78,2999238
4/19/2017 16:00:00,907.84,910.5,897.37,899.2,2870242
4/20/2017 16:00:00,899.7,905.32,896.29,902.06,2814441
4/21/2017 16:00:00,902.67,903.65,896.77,898.53,2420494
4/24/2017 16:00:00,908.68,909.99,903.82,907.41,3122893
4/25/2017 16:00:00,907.04,909.48,903,907.62,3380639
4/26/2017 16:00:00,910.3,915.75,907.56,909.29,2608948
4/27/2017 16:00:00,914.39,921.86,912.11,918.38,5305543
4/28/2017 16:00:00,948.83,949.59,924.33,924.99,7364681
5/1/2017 16:00:00,927.8,954.4,927.8,948.23,5466544
5/2/2017 16:00:00,946.65,950.1,941.41,946.94,3848835
5/3/2017 16:00:00,946,946,935.9,941.03,3582686
5/4/2017 16:00:00,944.75,945,934.22,937.53,2418381
5/5/2017 16:00:00,940.52,940.79,930.3,934.15,2866397
5/8/2017 16:00:00,940.95,949.05,939.21,949.04,3415731
5/9/2017 16:00:00,952.8,957.89,950.2,952.82,3262113
5/10/2017 16:00:00,953.5,953.75,945,948.95,2096512
5/11/2017 16:00:00,945.11,950.29,940.78,947.62,2194070
5/12/2017 16:00:00,954.5,962.79,951.53,961.35,3625857
5/15/2017 16:00:00,958.73,963.15,956.06,957.97,4270625
5/16/2017 16:00:00,961,970.06,960.91,966.07,3126051
5/17/2017 16:00:00,954.7,960.4,944.12,944.76,5145578
5/18/2017 16:00:00,944.8,962.75,944.76,958.49,3939347
5/19/2017 16:00:00,962.84,968.92,959.72,959.84,3972089
5/22/2017 16:00:00,964,971.38,962.9,970.67,2642217
5/23/2017 16:00:00,975.02,975.2,966.85,971.54,2415594
5/24/2017 16:00:00,976,981,970.23,980.35,2463052
5/25/2017 16:00:00,984.85,999,982.11,993.38,4822032
5/26/2017 16:00:00,995,998.65,989.25,995.78,3469154
5/30/2017 16:00:00,996.51,1001.2,995.52,996.7,3263069
5/31/2017 16:00:00,1000,1000.12,982.16,994.62,3913115
6/1/2017 16:00:00,998.59,998.99,991.37,995.95,2454841
6/2/2017 16:00:00,998.99,1008.48,995.67,1006.73,3752328
6/5/2017 16:00:00,1007.23,1013.21,1003.51,1011.34,2719859
6/6/2017 16:00:00,1012,1016.5,1001.25,1003,3346432
6/7/2017 16:00:00,1005.95,1010.25,1002,1010.07,2823041
6/8/2017 16:00:00,1012.06,1013.61,1006.11,1010.27,2767857
6/9/2017 16:00:00,1012.5,1012.99,927,978.31,7647692
6/12/2017 16:00:00,967,975.95,945,964.91,9447233
6/13/2017 16:00:00,977.99,984.5,966.1,980.79,4580011
6/14/2017 16:00:00,988.59,990.34,966.71,976.47,3974900
6/15/2017 16:00:00,958.7,965.73,950.86,964.17,5373865
6/16/2017 16:00:00,996,999.75,982,987.71,11472662
6/19/2017 16:00:00,1017,1017,989.9,995.17,5043408
6/20/2017 16:00:00,998,1004.88,992.02,992.59,4076828
6/21/2017 16:00:00,998.7,1002.72,992.65,1002.23,2922473
6/22/2017 16:00:00,1002.23,1006.96,997.2,1001.3,2253433
6/23/2017 16:00:00,1002.54,1004.62,998.02,1003.74,2879145
6/26/2017 16:00:00,1008.5,1009.8,992,993.98,3386157
6/27/2017 16:00:00,990.69,998.8,976,976.78,3782389
6/28/2017 16:00:00,978.55,990.68,969.21,990.33,3737567
6/29/2017 16:00:00,979,987.56,965.25,975.93,4302968
6/30/2017 16:00:00,980.12,983.47,967.61,968,3390345
7/3/2017 16:00:00,972.79,974.49,951,953.66,2909108
7/5/2017 16:00:00,961.53,975,955.25,971.4,3652955
7/6/2017 16:00:00,964.66,974.4,959.02,965.14,3259613
7/7/2017 16:00:00,969.55,980.11,969.14,978.76,2643387
7/10/2017 16:00:00,985,999.44,983.5,996.47,3546268
7/11/2017 16:00:00,993,995.99,983.72,994.13,2982726
7/12/2017 16:00:00,1000.65,1008.55,998.1,1006.51,3608574
7/13/2017 16:00:00,1004.62,1006.88,995.9,1000.63,2880769
7/14/2017 16:00:00,1002.4,1004.45,996.89,1001.81,2102469
7/17/2017 16:00:00,1004.69,1014.75,1003.81,1010.04,3712587
7/18/2017 16:00:00,1006,1026.03,1004,1024.45,4007624
7/19/2017 16:00:00,1025,1031.59,1022.5,1026.87,2963964
7/20/2017 16:00:00,1031.59,1034.97,1022.52,1028.7,3097487
7/21/2017 16:00:00,1021.28,1026.1,1011,1025.67,2734577
7/24/2017 16:00:00,1028.34,1043.01,1027.43,1038.95,3288020
7/25/2017 16:00:00,1038.05,1043.33,1032.48,1039.87,2447629
7/26/2017 16:00:00,1043.2,1053.2,1043.2,1052.8,2921253
7/27/2017 16:00:00,1069.55,1083.31,1040.18,1046,10991715
7/28/2017 16:00:00,1012.14,1032.85,1001,1020.04,7709420
7/31/2017 16:00:00,1019.05,1019.05,987.02,987.78,7352063
8/1/2017 16:00:00,996.11,1006.4,991.58,996.19,4572576
8/2/2017 16:00:00,1001.77,1003.21,981.73,995.89,4069993
8/3/2017 16:00:00,999.47,999.5,984.59,986.92,3255764
8/4/2017 16:00:00,989.68,991.67,982,987.58,2730308
8/7/2017 16:00:00,990.65,995,987.14,992.27,2676607
8/8/2017 16:00:00,994.35,996.28,985.79,989.84,2902815
8/9/2017 16:00:00,982.6,988,975.27,982.01,3569731
8/10/2017 16:00:00,976.3,979.86,954.68,956.92,5684068
8/11/2017 16:00:00,960,970.39,951.38,967.99,3468017
8/14/2017 16:00:00,978.41,985.5,976.19,983.3,3172892
8/15/2017 16:00:00,988.9,991.74,982,982.74,2549295
8/16/2017 16:00:00,981.65,986.46,973.22,978.18,3132066
8/17/2017 16:00:00,977.84,977.84,960.32,960.57,3512397
8/18/2017 16:00:00,961.4,965.43,954.65,958.47,3284821
8/21/2017 16:00:00,957.57,961.2,945.46,953.29,3164483
8/22/2017 16:00:00,955.52,967.93,955.5,966.9,2749970
8/23/2017 16:00:00,959.38,962,954.2,958,2668264
8/24/2017 16:00:00,957.42,959,941.14,952.45,5195726
8/25/2017 16:00:00,956,957.62,944.1,945.26,3324791
8/28/2017 16:00:00,946.54,953,942.25,946.02,2596737
8/29/2017 16:00:00,940,956,936.33,954.06,2874299
8/30/2017 16:00:00,958.44,969.41,956.91,967.59,2904604
8/31/2017 16:00:00,974.7,981,972.76,980.6,3331488
9/1/2017 16:00:00,984.2,984.5,976.88,978.25,2535917
9/5/2017 16:00:00,975.4,976.77,960.37,965.27,2998649
9/6/2017 16:00:00,968.32,971.84,960.6,967.8,2129861
9/7/2017 16:00:00,974,980.59,972.55,979.47,2566794
9/8/2017 16:00:00,979.1,979.88,963.47,965.9,2605322
9/11/2017 16:00:00,974.46,981.94,974.22,977.96,2186666
9/12/2017 16:00:00,983.27,984.67,975.52,982.58,2481066
9/13/2017 16:00:00,983.97,1000,979.42,999.6,3374650
9/14/2017 16:00:00,996.8,998.56,987.74,992.21,3913263
9/15/2017 16:00:00,993.01,996.25,984.03,986.79,3760183
9/18/2017 16:00:00,990.4,992.79,968.17,974.19,3411324
9/19/2017 16:00:00,977.25,978.24,967.46,969.86,2671054
9/20/2017 16:00:00,971.79,974.81,962.16,973.21,2888795
9/21/2017 16:00:00,971.31,971.7,962.02,964.65,2337576
9/22/2017 16:00:00,961.01,965.61,954.42,955.1,2641787
9/25/2017 16:00:00,949.31,949.42,932.89,939.79,5123997
9/26/2017 16:00:00,945.49,948.63,931.75,938.6,3564848
9/27/2017 16:00:00,948,955.3,943.3,950.87,3148933
9/28/2017 16:00:00,951.86,959.7,950.1,956.4,2522567
9/29/2017 16:00:00,960.11,964.83,958.38,961.35,2543759
10/2/2017 16:00:00,964,967.31,952.12,959.19,2442937
10/3/2017 16:00:00,958,963.69,950.37,957.1,2666574
10/4/2017 16:00:00,954.21,967.79,954.05,965.45,2527352
10/5/2017 16:00:00,970,981.51,969.64,980.85,3229224
10/6/2017 16:00:00,975.64,995.75,975.64,989.58,3782067
10/9/2017 16:00:00,993.24,998.5,987.5,990.99,2938586
10/10/2017 16:00:00,996.67,997.95,980.1,987.2,3084921
10/11/2017 16:00:00,991.27,995.5,986.7,995,2337113
10/12/2017 16:00:00,996.81,1008.44,992.4,1000.93,4067317
10/13/2017 16:00:00,1007,1007.77,1001.03,1002.94,2431462
10/16/2017 16:00:00,1008.44,1009.57,1001.04,1006.34,2008908
10/17/2017 16:00:00,1005.59,1011.47,1004.38,1009.13,2319742
10/18/2017 16:00:00,1009.27,1022.31,996.55,997,2499681
10/19/2017 16:00:00,990,991.05,980.24,986.61,3108197
10/20/2017 16:00:00,993.53,994.62,982,982.91,2365122
10/23/2017 16:00:00,986.73,986.78,962.5,966.3,3494100
10/24/2017 16:00:00,969,979.85,965,975.9,2723935
10/25/2017 16:00:00,978,984.44,966.24,972.91,3033113
10/26/2017 16:00:00,980.33,982.9,968.55,972.43,5618675
10/27/2017 16:00:00,1058.14,1105.58,1050.55,1100.95,16565021
10/30/2017 16:00:00,1095.01,1122.79,1093.56,1110.85,6613064
10/31/2017 16:00:00,1109,1110.54,1101.12,1105.28,3476967
11/1/2017 16:00:00,1105.4,1108.97,1096.74,1103.68,3755511
11/2/2017 16:00:00,1097.81,1101.94,1086.87,1094.22,3684876
11/3/2017 16:00:00,1091.15,1112.68,1088.52,1111.6,3751480
11/6/2017 16:00:00,1109.15,1125.41,1108.77,1120.66,3381138
11/7/2017 16:00:00,1124.74,1130.6,1117.5,1123.17,2688977
11/8/2017 16:00:00,1122.82,1135.54,1119.11,1132.88,2581451
11/9/2017 16:00:00,1125.96,1129.62,1115.77,1129.13,3732732
11/10/2017 16:00:00,1126.1,1131.75,1124.06,1125.35,2179937
11/13/2017 16:00:00,1123,1139.9,1122.34,1129.17,2918439
11/14/2017 16:00:00,1130.11,1138,1123.89,1136.84,3138423
11/15/2017 16:00:00,1127.01,1131.75,1121.63,1126.69,3928680
11/16/2017 16:00:00,1130.16,1138.16,1130.05,1137.29,2213322
11/17/2017 16:00:00,1138.28,1138.8,1125.81,1129.88,2413388
11/20/2017 16:00:00,1129.77,1133.42,1122.55,1126.31,2163855
11/21/2017 16:00:00,1132.86,1140,1128.2,1139.49,2479397
11/22/2017 16:00:00,1141,1160.27,1141,1156.16,3555273
11/24/2017 13:00:00,1160.7,1186.84,1160.7,1186,3528011
11/27/2017 16:00:00,1202.66,1213.41,1191.15,1195.83,6744045
11/28/2017 16:00:00,1204.88,1205.34,1188.52,1193.6,4559449
11/29/2017 16:00:00,1194.8,1194.8,1145.19,1161.27,9257512
11/30/2017 16:00:00,1167.1,1178.57,1160,1176.75,4509208
12/1/2017 16:00:00,1172.05,1179.65,1152,1162.35,4107094
12/4/2017 16:00:00,1173.85,1175.2,1128,1133.95,5931915
12/5/2017 16:00:00,1128.26,1159.27,1124.74,1141.57,4079774
12/6/2017 16:00:00,1137.99,1155.89,1136.08,1152.35,2853316
12/7/2017 16:00:00,1156.59,1163.19,1151,1159.79,2511569
12/8/2017 16:00:00,1170.4,1172.79,1157.1,1162,3050074
12/11/2017 16:00:00,1164.6,1169.9,1157,1168.92,2363473
12/12/2017 16:00:00,1166.51,1173.6,1161.61,1165.08,2235892
12/13/2017 16:00:00,1170,1170.87,1160.27,1164.13,2616760
12/14/2017 16:00:00,1163.71,1177.93,1162.45,1174.26,3214337
12/15/2017 16:00:00,1179.03,1182.75,1169.33,1179.14,4778621
12/18/2017 16:00:00,1187.37,1194.78,1180.91,1190.58,2947625
12/19/2017 16:00:00,1189.15,1192.97,1179.14,1187.38,2587792
12/20/2017 16:00:00,1190.5,1191,1176,1177.62,2371166
12/21/2017 16:00:00,1175.9,1179.17,1167.64,1174.76,2123117
12/22/2017 16:00:00,1172.08,1174.62,1167.83,1168.36,1585054
12/26/2017 16:00:00,1168.36,1178.32,1160.55,1176.76,2005187
12/27/2017 16:00:00,1179.91,1187.29,1175.61,1182.26,1867208
12/28/2017 16:00:00,1189,1190.1,1184.38,1186.1,1841676
12/29/2017 16:00:00,1182.35,1184,1167.5,1169.47,2688391
1/2/2018 16:00:00,1172,1190,1170.51,1189.01,2694494
1/3/2018 16:00:00,1188.3,1205.49,1188.3,1204.2,3108793
1/4/2018 16:00:00,1205,1215.87,1204.66,1209.59,3022089
1/5/2018 16:00:00,1217.51,1229.14,1210,1229.14,3544743
1/8/2018 16:00:00,1236,1253.08,1232.03,1246.87,4279475
1/9/2018 16:00:00,1256.9,1259.33,1241.76,1252.7,3661316
1/10/2018 16:00:00,1245.15,1254.33,1237.23,1254.33,2686017
1/11/2018 16:00:00,1259.74,1276.77,1256.46,1276.68,3125048
1/12/2018 16:00:00,1273.39,1305.76,1273.39,1305.2,5443730
1/16/2018 16:00:00,1323,1339.94,1292.3,1304.86,7220701
1/17/2018 16:00:00,1312.24,1314,1280.88,1295,5253754
1/18/2018 16:00:00,1293.95,1304.6,1284.02,1293.32,4026915
1/19/2018 16:00:00,1312,1313,1292.99,1294.58,4578536
1/22/2018 16:00:00,1297.17,1327.45,1296.66,1327.31,4140061
1/23/2018 16:00:00,1338.09,1364.9,1337.34,1362.54,5169306
1/24/2018 16:00:00,1374.82,1388.16,1338,1357.51,6807457
1/25/2018 16:00:00,1368,1378.34,1357.62,1377.95,4753012
1/26/2018 16:00:00,1392.01,1402.53,1380.91,1402.05,4857310
1/29/2018 16:00:00,1409.18,1431.39,1400.44,1417.68,5701898
1/30/2018 16:00:00,1403.17,1439.25,1392,1437.82,5871942
1/31/2018 16:00:00,1451.3,1472.58,1450.04,1450.89,6424693
2/1/2018 16:00:00,1445,1459.88,1385.14,1390,9113808
2/2/2018 16:00:00,1477.39,1498,1414,1429.95,11125722
2/5/2018 16:00:00,1402.62,1458.98,1320.72,1390,11494985
2/6/2018 16:00:00,1361.46,1443.99,1351.79,1442.84,11066819
2/7/2018 16:00:00,1449,1460.99,1415.15,1416.78,7162741
2/8/2018 16:00:00,1429.68,1433.75,1349.94,1350.5,8578557
2/9/2018 16:00:00,1373.49,1383.5,1265.93,1339.6,14141524
2/12/2018 16:00:00,1364.67,1393.81,1344.01,1386.23,6738944
2/13/2018 16:00:00,1385.93,1419.72,1383.53,1414.51,5917879
2/14/2018 16:00:00,1406.25,1452.06,1403.36,1451.05,5959209
2/15/2018 16:00:00,1466.89,1468.94,1436.84,1461.76,5652736
2/16/2018 16:00:00,1457.37,1465.8,1446.56,1448.69,4472564
2/20/2018 16:00:00,1446.49,1488.77,1446.49,1468.35,6499228
2/21/2018 16:00:00,1485,1503.49,1478.92,1482.92,6304351
2/22/2018 16:00:00,1495.36,1502.54,1475.76,1485.34,4858063
2/23/2018 16:00:00,1495.34,1500,1486.5,1500,4418103
2/26/2018 16:00:00,1509.2,1522.84,1507,1521.95,4954988
2/27/2018 16:00:00,1524.5,1526.78,1507.21,1511.98,4808776
2/28/2018 16:00:00,1519.51,1528.7,1512,1512.45,4515023
3/1/2018 16:00:00,1513.6,1518.49,1465,1493.45,6835230
3/2/2018 16:00:00,1469.1,1501.05,1455.01,1500.25,6587564
3/5/2018 16:00:00,1494.24,1525.38,1481,1523.61,5233934
3/6/2018 16:00:00,1533.2,1542.13,1528,1537.64,4561718
3/7/2018 16:00:00,1526.52,1545.9,1522.51,1545,4174123
3/8/2018 16:00:00,1550,1554.88,1545.25,1551.86,3862615
3/9/2018 16:00:00,1563.5,1578.94,1559.08,1578.89,4534250
3/12/2018 16:00:00,1592.6,1605.33,1586.7,1598.39,5174211
3/13/2018 16:00:00,1615.96,1617.54,1578.01,1588.18,6531892
3/14/2018 16:00:00,1597,1606.44,1590.89,1591,4259443
3/15/2018 16:00:00,1595,1596.91,1578.11,1582.32,4069701
3/16/2018 16:00:00,1583.45,1589.44,1567.5,1571.68,5425012
3/19/2018 16:00:00,1554.53,1561.66,1525.35,1544.93,6580766
3/20/2018 16:00:00,1550.34,1587,1545.41,1586.51,4581568
3/21/2018 16:00:00,1586.45,1590,1563.17,1581.86,4750771
3/22/2018 16:00:00,1565.47,1573.85,1542.4,1544.92,6320551
3/23/2018 16:00:00,1539.01,1549.02,1495.36,1495.56,8006033
3/26/2018 16:00:00,1530,1556.99,1499.25,1555.86,5624700
3/27/2018 16:00:00,1572.4,1575.97,1482.32,1497.05,6999631
3/28/2018 16:00:00,1447,1455.9,1386.17,1431.42,13705317
3/29/2018 16:00:00,1406,1455.47,1365.2,1447.34,12581121
4/2/2018 16:00:00,1417.62,1421.36,1355,1371.99,10463607
4/3/2018 16:00:00,1391.38,1414,1355.33,1392.05,10231212
4/4/2018 16:00:00,1358.24,1415.39,1352.88,1410.57,6982305
4/5/2018 16:00:00,1441.99,1459.56,1427.07,1451.75,6413459
4/6/2018 16:00:00,1429.97,1452.5,1400.26,1405.23,5882257
4/9/2018 16:00:00,1425.03,1438.48,1402.57,1406.08,4208206
4/10/2018 16:00:00,1431.99,1438.38,1415.7,1436.22,4280144
4/11/2018 16:00:00,1439.44,1448.78,1424.89,1427.05,3582533
4/12/2018 16:00:00,1439.5,1452.12,1435.06,1448.5,3135027
4/13/2018 16:00:00,1449.14,1459.78,1424.52,1430.79,3685267
4/16/2018 16:00:00,1445,1447,1427.48,1441.5,2808624
4/17/2018 16:00:00,1462.3,1507.19,1457.02,1503.83,5114403
4/18/2018 16:00:00,1514.65,1533.8,1504.11,1527.84,5227509
4/19/2018 16:00:00,1543.22,1568.52,1539.06,1556.91,6523728
4/20/2018 16:00:00,1561.2,1561.2,1516.09,1527.49,5541622
4/23/2018 16:00:00,1546.69,1548,1503.41,1517.86,4465424
4/24/2018 16:00:00,1535.8,1539.5,1448.45,1460.09,7494699
4/25/2018 16:00:00,1458,1469.99,1415.02,1460.17,6587290
4/26/2018 16:00:00,1485.01,1529.42,1478.5,1517.96,8801101
4/27/2018 16:00:00,1634.01,1638.1,1567.39,1572.62,13053241
4/30/2018 16:00:00,1582.5,1596,1560.94,1566.13,5464085
5/1/2018 16:00:00,1563.22,1585,1552.18,1582.26,4572071
5/2/2018 16:00:00,1580.98,1588.5,1566.36,1569.68,4360273
5/3/2018 16:00:00,1560.01,1574.8,1546.02,1572.08,4251917
5/4/2018 16:00:00,1562.45,1584.9,1562.19,1580.95,3443567
5/7/2018 16:00:00,1589.34,1606.95,1587.83,1600.14,3801855
5/8/2018 16:00:00,1595,1596.88,1582.51,1592.39,3067949
5/9/2018 16:00:00,1600,1608,1592,1608,3637302
5/10/2018 16:00:00,1608.48,1615.6,1603.44,1609.08,2817450
5/11/2018 16:00:00,1610.99,1611.1,1597.89,1602.91,2263900
5/14/2018 16:00:00,1604,1611.18,1600.05,1601.54,2509483
5/15/2018 16:00:00,1587.8,1587.8,1565.22,1576.12,5077465
5/16/2018 16:00:00,1577.5,1594.43,1576.67,1587.28,2570572
5/17/2018 16:00:00,1580.56,1594.04,1573,1581.76,2147606
5/18/2018 16:00:00,1581.33,1583.59,1572.1,1574.37,2642584
5/21/2018 16:00:00,1585,1592.05,1575,1585.46,2925235
5/22/2018 16:00:00,1589.89,1589.89,1575.25,1581.4,2115639
5/23/2018 16:00:00,1571.05,1601.86,1566.34,1601.86,3361892
5/24/2018 16:00:00,1598.03,1608.24,1588.38,1603.07,3429975
5/25/2018 16:00:00,1603,1614.12,1600.45,1610.15,2698400
5/29/2018 16:00:00,1600.71,1621.79,1600.15,1612.87,3846477
5/30/2018 16:00:00,1618.1,1626,1612.93,1624.89,2907357
5/31/2018 16:00:00,1623,1635,1621.35,1629.62,3166330
6/1/2018 16:00:00,1637.03,1646.73,1635.09,1641.54,3313385
6/4/2018 16:00:00,1648.9,1665.68,1645.49,1665.27,3187737
6/5/2018 16:00:00,1672.99,1699,1670.06,1696.35,4782177
6/6/2018 16:00:00,1704.51,1714.5,1686.47,1695.75,5473213
6/7/2018 16:00:00,1698.56,1699.9,1676.11,1689.3,3765687
6/8/2018 16:00:00,1681.12,1689.44,1673.01,1683.99,2955110
6/11/2018 16:00:00,1681.51,1694.24,1680.59,1689.12,2335484
6/12/2018 16:00:00,1693,1699.51,1691.52,1698.75,2259215
6/13/2018 16:00:00,1702.81,1713.75,1700.12,1704.86,3327529
6/14/2018 16:00:00,1713.48,1724.8,1708.87,1723.86,3174415
6/15/2018 16:00:00,1714,1720.87,1708.52,1715.97,4777646
6/18/2018 16:00:00,1706.26,1726.74,1702.56,1723.79,3107742
6/19/2018 16:00:00,1709.04,1736.11,1700.39,1734.78,4290117
6/20/2018 16:00:00,1742.5,1762.93,1741.36,1750.08,4332591
6/21/2018 16:00:00,1760,1763.1,1717.56,1730.22,4941148
6/22/2018 16:00:00,1742.62,1743,1711.9,1715.67,4075124
6/25/2018 16:00:00,1702.51,1705,1646.31,1663.15,7511196
6/26/2018 16:00:00,1672.37,1701.57,1663.34,1691.09,4386585
6/27/2018 16:00:00,1708.11,1711.95,1660,1660.51,4872201
6/28/2018 16:00:00,1672.54,1705.5,1661.17,1701.45,4529700
6/29/2018 16:00:00,1717,1723.41,1694.32,1699.8,4543508
7/2/2018 16:00:00,1682.7,1713.89,1678.06,1713.78,3185696
7/3/2018 13:00:00,1723.96,1725,1692.48,1693.96,2177276
7/5/2018 16:00:00,1705.38,1710.69,1682.15,1699.73,2983110
7/6/2018 16:00:00,1696,1715.27,1691.67,1710.63,2650262
7/9/2018 16:00:00,1724.05,1739.56,1716.23,1739.02,3011988
7/10/2018 16:00:00,1738.53,1750,1731,1743.07,3002905
7/11/2018 16:00:00,1737.99,1756.96,1734,1755,3209782
7/12/2018 16:00:00,1764.51,1798,1762.18,1796.62,4532743
7/13/2018 16:00:00,1803.93,1815.3,1795.23,1813.03,4386679
7/16/2018 16:00:00,1821.95,1841.95,1814.45,1822.49,5466195
7/17/2018 16:00:00,1811.56,1851.69,1797.38,1843.93,5682881
7/18/2018 16:00:00,1848,1858.88,1831.27,1842.92,4861913
7/19/2018 16:00:00,1829.46,1841,1811.27,1812.97,4676942
7/20/2018 16:00:00,1825.01,1834.84,1810.06,1813.7,3891566
7/23/2018 16:00:00,1812.21,1819,1769.99,1802,3888462
7/24/2018 16:00:00,1829.01,1840,1809.38,1829.24,4278723
7/25/2018 16:00:00,1829.3,1863.84,1822.64,1863.61,3836333
7/26/2018 16:00:00,1839,1844.68,1804.5,1808,9924371
7/27/2018 16:00:00,1876.05,1880.05,1806.53,1817.27,9680959
7/30/2018 16:00:00,1827.33,1829.5,1766.02,1779.22,6562321
7/31/2018 16:00:00,1786.49,1801.83,1739.32,1777.44,5738713
8/1/2018 16:00:00,1784,1798.44,1776.02,1797.17,4153096
8/2/2018 16:00:00,1788.77,1836.56,1786,1834.33,4354681
8/3/2018 16:00:00,1837.74,1841,1821.5,1823.29,3460487
8/6/2018 16:00:00,1825.81,1847.77,1818.92,1847.75,3391825
8/7/2018 16:00:00,1854.53,1869.72,1846.27,1862.48,3377473
8/8/2018 16:00:00,1861,1891.51,1854.5,1886.52,3963017
8/9/2018 16:00:00,1882,1914.57,1877.48,1898.52,4860374
8/10/2018 16:00:00,1888.51,1899.5,1878.21,1886.3,3639927
8/13/2018 16:00:00,1898.5,1925,1893.67,1896.2,5531475
8/14/2018 16:00:00,1919.39,1921.01,1900,1919.65,3986123
8/15/2018 16:00:00,1909.55,1916.21,1869.79,1882.62,7700682
8/16/2018 16:00:00,1903.94,1905,1883.55,1886.52,3957090
8/17/2018 16:00:00,1885.8,1888,1855.55,1882.22,4104300
8/20/2018 16:00:00,1890.57,1891.75,1866.06,1876.71,2862016
8/21/2018 16:00:00,1880,1897.75,1874.41,1883.42,3105626
8/22/2018 16:00:00,1876.64,1905.8,1876.64,1904.9,3080464
8/23/2018 16:00:00,1907.17,1919.5,1900.76,1902.9,3562997
8/24/2018 16:00:00,1910.51,1916.01,1902.54,1905.39,2800863
8/27/2018 16:00:00,1915,1927.7,1909.28,1927.68,3569037
8/28/2018 16:00:00,1937.73,1941.78,1928.82,1932.82,3100727
8/29/2018 16:00:00,1953.45,1998.69,1948.94,1998.1,6531761
8/30/2018 16:00:00,1997.42,2025.57,1986.9,2002.38,7277257
8/31/2018 16:00:00,2007,2022.38,2004.74,2012.71,4204378
9/4/2018 16:00:00,2026.5,2050.5,2013,2039.51,5721093
9/5/2018 16:00:00,2038.11,2040.38,1989.89,1994.82,8220576
9/6/2018 16:00:00,2006.51,2007.5,1935.21,1958.31,7488680
9/7/2018 16:00:00,1938.71,1975.2,1937.35,1952.07,4892643
9/10/2018 16:00:00,1971,1973.04,1931.52,1939.01,4544831
9/11/2018 16:00:00,1928.27,1988.88,1917,1987.15,5033645
9/12/2018 16:00:00,1994,2000,1962.44,1990,4414012
9/13/2018 16:00:00,2000,2008.76,1982.03,1989.87,3621511
9/14/2018 16:00:00,1992.93,1993.65,1959.22,1970.19,3642030
9/17/2018 16:00:00,1954.73,1956.82,1887.41,1908.03,7050192
9/18/2018 16:00:00,1918.65,1958.2,1915.44,1941.05,4268706
9/19/2018 16:00:00,1940.5,1940.83,1904.9,1926.42,4056822
9/20/2018 16:00:00,1938.58,1955,1932.25,1944.3,3154934
9/21/2018 16:00:00,1954.22,1957.31,1910.5,1915.01,6855898
9/24/2018 16:00:00,1903.79,1936.88,1865,1934.36,4213728
9/25/2018 16:00:00,1942.9,1975.91,1938.85,1974.55,4538407
9/26/2018 16:00:00,1968.5,1995.25,1961.52,1974.85,4313459
9/27/2018 16:00:00,1993.24,2016.16,1988.58,2012.98,4329391
9/28/2018 16:00:00,2004.41,2026.52,1996.46,2003,4085135
10/1/2018 16:00:00,2021.99,2033.19,2003.6,2004.36,3468285
10/2/2018 16:00:00,1999.99,2013.39,1965.77,1971.31,5400749
10/3/2018 16:00:00,1981.7,1989.7,1949.81,1952.76,5253131
10/4/2018 16:00:00,1949,1956,1896.57,1909.42,7256973
10/5/2018 16:00:00,1917.99,1929.08,1862.83,1889.65,6822327
10/8/2018 16:00:00,1874,1902,1830.66,1864.42,7393199
10/9/2018 16:00:00,1859.99,1896.68,1852.32,1870.32,4772866
10/10/2018 16:00:00,1857.89,1858.56,1754.41,1755.25,10988855
10/11/2018 16:00:00,1724,1755.4,1685.1,1719.36,13935872
10/12/2018 16:00:00,1808,1808.95,1742.53,1788.61,9444587
10/15/2018 16:00:00,1795,1795.05,1734.23,1760.95,6437162
10/16/2018 16:00:00,1783.5,1823.88,1761.55,1819.96,5859918
10/17/2018 16:00:00,1842.79,1845,1807,1831.73,5295177
10/18/2018 16:00:00,1821.49,1830.15,1767.87,1770.72,5873995
10/19/2018 16:00:00,1785.16,1809.1,1753,1764.03,5907246
10/22/2018 16:00:00,1784,1809.5,1756,1789.3,4500015
10/23/2018 16:00:00,1742.24,1776.34,1714,1768.7,6723913
10/24/2018 16:00:00,1773.7,1777.71,1656.56,1664.2,6928383
10/25/2018 16:00:00,1703.34,1794.81,1692.01,1782.17,10285742
10/26/2018 16:00:00,1649.59,1698.46,1603,1642.81,14963783
10/29/2018 16:00:00,1660,1665.74,1495,1538.88,13866077
10/30/2018 16:00:00,1486.16,1540.99,1476.36,1530.42,12460086
10/31/2018 16:00:00,1569.99,1623.91,1565.09,1598.01,9390211
11/1/2018 16:00:00,1623.53,1670.45,1598.44,1665.53,8135539
11/2/2018 16:00:00,1678.59,1697.44,1651.83,1665.53,6955548
11/5/2018 16:00:00,1657.57,1658.09,1596.36,1627.8,5624727
11/6/2018 16:00:00,1618.35,1665,1614.55,1642.81,4257353
11/7/2018 16:00:00,1673,1759.23,1664.08,1755.49,8192234
11/8/2018 16:00:00,1755,1784,1725.11,1754.91,6534866
11/9/2018 16:00:00,1732.5,1743.92,1701.87,1712.43,5902186
11/12/2018 16:00:00,1698.24,1708.55,1630.01,1636.85,6806245
11/13/2018 16:00:00,1649.29,1677.06,1613.75,1631.17,5933271
11/14/2018 16:00:00,1656.32,1673,1597.07,1599.01,6486891
11/15/2018 16:00:00,1581.01,1624.82,1546.51,1619.44,8427337
11/16/2018 16:00:00,1587.5,1614.48,1573.12,1593.41,6066080
11/19/2018 16:00:00,1577.01,1581.19,1503.36,1512.29,7789981
11/20/2018 16:00:00,1437.5,1534.75,1420,1495.46,10878823
11/21/2018 16:00:00,1542.99,1550,1515,1516.73,5716800
11/23/2018 13:00:00,1517,1536.2,1501.81,1502.06,2707642
11/26/2018 16:00:00,1539,1584.81,1524.22,1581.33,6257716
11/27/2018 16:00:00,1575.99,1597.65,1558.01,1581.42,5783227
11/28/2018 16:00:00,1613.92,1681.45,1601.22,1677.75,8458738
11/29/2018 16:00:00,1674.99,1689.99,1652.33,1673.57,6613243
11/30/2018 16:00:00,1679.5,1696,1666.5,1690.17,5761761
12/3/2018 16:00:00,1769.46,1778.34,1730,1772.36,6862160
12/4/2018 16:00:00,1756,1770.34,1665,1668.4,8694455
12/6/2018 16:00:00,1614.87,1701.05,1609.85,1699.19,8789394
12/7/2018 16:00:00,1705.07,1718.93,1625.46,1629.13,7576132
12/10/2018 16:00:00,1623.84,1657.99,1590.87,1641.03,7494808
12/11/2018 16:00:00,1678,1679.47,1619.6,1643.24,6244695
12/12/2018 16:00:00,1669,1704.99,1660.27,1663.54,6597968
12/13/2018 16:00:00,1680,1692.12,1641.5,1658.38,5271162
12/14/2018 16:00:00,1638,1642.57,1585,1591.91,6367163
12/17/2018 16:00:00,1566,1576.13,1505.01,1520.91,8829762
12/18/2018 16:00:00,1540,1567.55,1523.01,1551.48,6522975
12/19/2018 16:00:00,1543.05,1584.53,1483.18,1495.08,8792189
12/20/2018 16:00:00,1484,1509.5,1432.69,1460.83,9991833
12/21/2018 16:00:00,1464.99,1480,1363.96,1377.45,13640320
12/24/2018 13:00:00,1346,1396.03,1307,1343.96,7219996
12/26/2018 16:00:00,1368.89,1473.16,1363.01,1470.9,10411801
12/27/2018 16:00:00,1454.2,1469,1390.31,1461.64,9722034
12/28/2018 16:00:00,1473.35,1513.47,1449,1478.02,8828950
12/31/2018 16:00:00,1510.8,1520.76,1487,1501.97,6954507
1/2/2019 16:00:00,1465.2,1553.36,1460.93,1539.13,7983103
1/3/2019 16:00:00,1520.01,1538,1497.11,1500.28,6975572
1/4/2019 16:00:00,1530,1594,1518.31,1575.39,9182575
1/7/2019 16:00:00,1602.31,1634.56,1589.19,1629.51,7993213
1/8/2019 16:00:00,1664.69,1676.61,1616.61,1656.58,8881428
1/9/2019 16:00:00,1652.98,1667.8,1641.4,1659.42,6348801
1/10/2019 16:00:00,1641.01,1663.25,1621.62,1656.22,6507693
1/11/2019 16:00:00,1640.55,1660.29,1636.22,1640.56,4686222
1/14/2019 16:00:00,1615,1648.2,1595.15,1617.21,6005888
1/15/2019 16:00:00,1632,1675.16,1626.01,1674.56,5998510
1/16/2019 16:00:00,1684.22,1705,1675.88,1683.78,6366864
1/17/2019 16:00:00,1680,1700.17,1677.5,1693.22,4208875
1/18/2019 16:00:00,1712,1716.2,1691.54,1696.2,6020503
1/22/2019 16:00:00,1681,1681.87,1610.2,1632.17,6416796
1/23/2019 16:00:00,1656,1657.43,1612,1640.02,5225212
1/24/2019 16:00:00,1641.07,1657.26,1631.78,1654.93,4089943
1/25/2019 16:00:00,1670.5,1683.48,1661.61,1670.57,4959679
1/28/2019 16:00:00,1643.59,1645,1614.09,1637.89,4837711
1/29/2019 16:00:00,1631.27,1632.38,1590.72,1593.88,4632782
1/30/2019 16:00:00,1623,1676.95,1619.68,1670.43,5783822
1/31/2019 16:00:00,1692.85,1736.41,1679.08,1718.73,10910338
2/1/2019 16:00:00,1638.88,1673.06,1622.01,1626.23,11506213
2/4/2019 16:00:00,1623,1649.63,1613.5,1633.31,4929187
2/5/2019 16:00:00,1643.34,1665.26,1642.5,1658.81,4453105
2/6/2019 16:00:00,1670.75,1672.26,1633.34,1640.26,3939883
2/7/2019 16:00:00,1625,1625.54,1592.91,1614.37,4626589
2/8/2019 16:00:00,1586,1588.59,1566.76,1588.22,5657457
2/11/2019 16:00:00,1600.98,1609.29,1586,1591,3317328
2/12/2019 16:00:00,1604,1639.4,1598.88,1638.01,4858604
2/13/2019 16:00:00,1647,1656.38,1637.11,1640,3560321
2/14/2019 16:00:00,1624.5,1637.9,1606.06,1622.65,4120524
2/15/2019 16:00:00,1627.86,1628.91,1604.5,1607.95,4343893
2/19/2019 16:00:00,1601,1634,1600.56,1627.58,3681656
2/20/2019 16:00:00,1630,1634.93,1610.12,1622.1,3337589
2/21/2019 16:00:00,1619.85,1623.56,1600.91,1619.44,3483392
2/22/2019 16:00:00,1623.5,1634.94,1621.17,1631.56,3096191
2/25/2019 16:00:00,1641.45,1654.6,1630.39,1633,3184462
2/26/2019 16:00:00,1625.98,1639.99,1616.13,1636.4,2665815
2/27/2019 16:00:00,1628.18,1641.81,1615.1,1641.09,3148824
2/28/2019 16:00:00,1635.25,1651.77,1633.83,1639.83,3025891
3/1/2019 16:00:00,1655.13,1674.26,1651,1671.73,4974877
3/4/2019 16:00:00,1685,1709.43,1674.36,1696.17,6167358
3/5/2019 16:00:00,1702.95,1707.8,1689.01,1692.43,3681522
3/6/2019 16:00:00,1695.97,1697.75,1668.28,1668.95,3996001
3/7/2019 16:00:00,1667.37,1669.75,1620.51,1625.95,4957017
3/8/2019 16:00:00,1604.01,1622.72,1586.57,1620.8,4667014
3/11/2019 16:00:00,1626.12,1672.29,1626.01,1670.62,3876352
3/12/2019 16:00:00,1669,1684.27,1660.98,1673.1,3614498
3/13/2019 16:00:00,1683,1700,1679.35,1690.81,3552041
3/14/2019 16:00:00,1691.2,1702,1684.34,1686.22,2946618
3/15/2019 16:00:00,1703,1718.8,1693.13,1712.36,7550870
3/18/2019 16:00:00,1712.7,1750,1712.63,1742.15,5429058
3/19/2019 16:00:00,1753.51,1784.16,1753.51,1761.85,6364161
3/20/2019 16:00:00,1769.94,1799.5,1767.03,1797.27,6265633
3/21/2019 16:00:00,1796.26,1823.75,1787.28,1819.26,5767797
3/22/2019 16:00:00,1810.17,1818.98,1763.11,1764.77,6362983
3/25/2019 16:00:00,1757.79,1782.68,1747.5,1774.26,5103803
3/26/2019 16:00:00,1793,1805.77,1773.36,1783.76,4865880
3/27/2019 16:00:00,1784.13,1787.5,1745.68,1765.7,4324801
3/28/2019 16:00:00,1770,1777.93,1753.47,1773.42,3042958
3/29/2019 16:00:00,1786.58,1792.86,1776.63,1780.75,3320793
4/1/2019 16:00:00,1800.11,1815.67,1798.73,1814.19,4238752
4/2/2019 16:00:00,1811.02,1820,1805.12,1813.98,3448115
4/3/2019 16:00:00,1826.72,1830,1809.62,1820.7,3980590
4/4/2019 16:00:00,1820.65,1828.75,1804.2,1818.86,3623867
4/5/2019 16:00:00,1829,1838.58,1825.19,1837.28,3640476
4/8/2019 16:00:00,1833.23,1850.2,1825.11,1849.86,3752841
4/9/2019 16:00:00,1845.49,1853.09,1831.78,1835.84,3714368
4/10/2019 16:00:00,1841,1848,1828.81,1847.33,2963973
4/11/2019 16:00:00,1848.7,1849.95,1840.31,1844.07,2654842
4/12/2019 16:00:00,1848.4,1851.5,1841.3,1843.06,3114413
4/15/2019 16:00:00,1842,1846.85,1818.9,1844.87,3724423
4/16/2019 16:00:00,1851.35,1869.77,1848,1863.04,3044618
4/17/2019 16:00:00,1872.99,1876.47,1860.44,1864.82,2893517
4/18/2019 16:00:00,1868.79,1870.82,1859.48,1861.69,2749882
4/22/2019 16:00:00,1855.4,1888.42,1845.64,1887.31,3373807
4/23/2019 16:00:00,1891.2,1929.26,1889.58,1923.77,4640441
4/24/2019 16:00:00,1925,1929.69,1898.16,1901.75,3675781
4/25/2019 16:00:00,1917,1922.45,1900.31,1902.25,6099101
4/26/2019 16:00:00,1929,1951,1898,1950.63,8432563
4/29/2019 16:00:00,1949,1956.34,1934.09,1938.43,4021255
4/30/2019 16:00:00,1930.1,1935.71,1906.95,1926.52,3506007
5/1/2019 16:00:00,1933.09,1943.64,1910.55,1911.52,3116964
5/2/2019 16:00:00,1913.33,1921.55,1881.87,1900.82,3962915
5/3/2019 16:00:00,1949,1964.4,1936,1962.46,6381564
5/6/2019 16:00:00,1917.98,1959,1910.5,1950.55,5417841
5/7/2019 16:00:00,1939.99,1949.1,1903.38,1921,5902134
5/8/2019 16:00:00,1918.87,1935.37,1910,1917.77,4078568
5/9/2019 16:00:00,1900,1909.4,1876,1899.87,5308263
5/10/2019 16:00:00,1898,1903.79,1856,1889.98,5717994
5/13/2019 16:00:00,1836.56,1846.54,1818,1822.68,5783410
5/14/2019 16:00:00,1839.5,1852.44,1815.75,1840.12,4629107
5/15/2019 16:00:00,1827.95,1874.43,1823,1871.15,4692642
5/16/2019 16:00:00,1885.94,1917.51,1882.29,1907.57,4707822
5/17/2019 16:00:00,1893.05,1910.53,1867.33,1869,4736618
5/20/2019 16:00:00,1852.69,1867.78,1835.54,1858.97,3798198
5/21/2019 16:00:00,1874.79,1879,1846,1857.52,4005122
5/22/2019 16:00:00,1851.78,1871.49,1851,1859.68,2936601
5/23/2019 16:00:00,1836.59,1844,1804.2,1815.48,4424265
5/24/2019 16:00:00,1835.89,1841.76,1817.85,1823.28,3369673
5/28/2019 16:00:00,1832.75,1849.27,1827.35,1836.43,3199965
5/29/2019 16:00:00,1823.12,1830,1807.53,1819.19,4279025
5/30/2019 16:00:00,1825.49,1829.47,1807.83,1816.32,3146850
5/31/2019 16:00:00,1790.01,1795.59,1772.7,1775.07,4618819
6/3/2019 16:00:00,1760.01,1766.29,1672,1692.69,9098708
6/4/2019 16:00:00,1699.24,1730.82,1680.89,1729.56,5679121
6/5/2019 16:00:00,1749.6,1752,1715.25,1738.5,4239782
6/6/2019 16:00:00,1737.71,1760,1726.13,1754.36,3689272
6/7/2019 16:00:00,1763.7,1806.25,1759.49,1804.03,4808246
6/10/2019 16:00:00,1822,1884.87,1818,1860.63,5371007
6/11/2019 16:00:00,1883.25,1893.7,1858,1863.7,4042694
6/12/2019 16:00:00,1853.98,1865,1844.38,1855.32,2678335
6/13/2019 16:00:00,1866.72,1883.09,1862.22,1870.3,2795810
6/14/2019 16:00:00,1864,1876,1859,1869.67,2851163
6/17/2019 16:00:00,1876.5,1895.69,1875.45,1886.03,2634342
6/18/2019 16:00:00,1901.35,1921.67,1899.79,1901.37,3895728
6/19/2019 16:00:00,1907.84,1919.58,1892.47,1908.79,2895347
6/20/2019 16:00:00,1933.33,1935.2,1905.8,1918.19,3217153
6/21/2019 16:00:00,1916.1,1925.95,1907.58,1911.3,3933576
6/24/2019 16:00:00,1912.66,1916.86,1901.3,1913.9,2282969
6/25/2019 16:00:00,1911.84,1916.39,1872.42,1878.27,3012347
6/26/2019 16:00:00,1892.48,1903.8,1887.32,1897.83,2441910
6/27/2019 16:00:00,1902,1911.24,1898.04,1904.28,2141721
6/28/2019 16:00:00,1909.1,1912.94,1884,1893.63,3037358
7/1/2019 16:00:00,1922.98,1929.82,1914.66,1922.19,3203347
7/2/2019 16:00:00,1919.38,1934.79,1906.63,1934.31,2651299
7/3/2019 13:00:00,1935.89,1941.59,1930.5,1939,1690294
7/5/2019 16:00:00,1928.6,1945.9,1925.3,1942.91,2628359
7/8/2019 16:00:00,1934.12,1956,1928.25,1952.32,2883371
7/9/2019 16:00:00,1947.8,1990.01,1943.48,1988.3,4345698
7/10/2019 16:00:00,1996.51,2024.94,1995.4,2017.41,4931902
7/11/2019 16:00:00,2025.62,2035.8,1995.3,2001.07,4317766
7/12/2019 16:00:00,2008.27,2017,2003.87,2011,2509297
7/15/2019 16:00:00,2021.4,2022.9,2001.55,2020.99,2981343
7/16/2019 16:00:00,2010.58,2026.32,2001.22,2009.9,2618198
7/17/2019 16:00:00,2007.05,2012,1992.03,1992.03,2558809
7/18/2019 16:00:00,1980.01,1987.5,1951.55,1977.9,3504252
7/19/2019 16:00:00,1991.21,1996,1962.23,1964.52,3185612
7/22/2019 16:00:00,1971.14,1989,1958.26,1985.63,2908111
7/23/2019 16:00:00,1995.99,1997.79,1973.13,1994.49,2703480
7/24/2019 16:00:00,1969.3,2001.3,1965.87,2000.81,2631300
7/25/2019 16:00:00,2001,2001.2,1972.72,1973.82,4136461
7/26/2019 16:00:00,1942,1950.9,1924.51,1943.05,4927143
7/29/2019 16:00:00,1930,1932.23,1890.54,1912.45,4493190
7/30/2019 16:00:00,1891.12,1909.89,1883.48,1898.53,2910888
7/31/2019 16:00:00,1898.11,1899.55,1849.44,1866.78,4470727
8/1/2019 16:00:00,1871.72,1897.92,1844.01,1855.32,4713311
8/2/2019 16:00:00,1845.07,1846.36,1808.02,1823.24,4956225
8/5/2019 16:00:00,1770.22,1788.67,1748.78,1765.13,6058212
8/6/2019 16:00:00,1792.23,1793.77,1753.4,1787.83,5070258
8/7/2019 16:00:00,1773.99,1798.93,1757,1793.4,4526884
8/8/2019 16:00:00,1806,1834.26,1798.11,1832.89,3701242
8/9/2019 16:00:00,1828.95,1831.09,1802.22,1807.58,2879770
8/12/2019 16:00:00,1795.99,1800.98,1777,1784.92,2905498
8/13/2019 16:00:00,1783,1831.74,1780,1824.34,4075021
8/14/2019 16:00:00,1793.01,1795.65,1757.22,1762.96,4893649
8/15/2019 16:00:00,1781.99,1788,1761.96,1776.12,3809948
8/16/2019 16:00:00,1792.89,1802.91,1784.55,1792.57,3054240
8/19/2019 16:00:00,1818.08,1826,1812.61,1816.12,2820303
8/20/2019 16:00:00,1814.5,1816.82,1799.88,1801.38,1932835
8/21/2019 16:00:00,1819.39,1829.58,1815,1823.54,2039231
8/22/2019 16:00:00,1828,1829.41,1800.1,1805.6,2658388
8/23/2019 16:00:00,1793.03,1804.9,1745.23,1749.62,5277898
8/26/2019 16:00:00,1766.91,1770,1743.51,1768.87,3085320
8/27/2019 16:00:00,1775.73,1779.4,1746.68,1761.83,3027245
8/28/2019 16:00:00,1755,1767.86,1744.05,1764.25,2421893
8/29/2019 16:00:00,1783,1798.55,1777.25,1786.4,3018012
8/30/2019 16:00:00,1797.49,1799.74,1764.57,1776.29,3064147
9/3/2019 16:00:00,1770,1800.8,1768,1789.84,3546859
9/4/2019 16:00:00,1805,1807.63,1796.23,1800.62,2326228
9/5/2019 16:00:00,1821.95,1842,1815.58,1840.72,3325189
9/6/2019 16:00:00,1838.22,1840.65,1826.4,1833.51,2496933
9/9/2019 16:00:00,1841,1850,1824.61,1831.35,2999515
9/10/2019 16:00:00,1822.75,1825.81,1805.34,1820.55,2613879
9/11/2019 16:00:00,1812.14,1833.42,1809.08,1822.99,2432767
9/12/2019 16:00:00,1837.63,1853.66,1834.28,1843.55,2823505
9/13/2019 16:00:00,1842.01,1846.12,1835.17,1839.34,1971317
9/16/2019 16:00:00,1824.02,1825.69,1800.2,1807.84,3675473
9/17/2019 16:00:00,1807.08,1823.99,1804.1,1822.55,2033058
9/18/2019 16:00:00,1817.04,1822.06,1795.5,1817.46,2536012
9/19/2019 16:00:00,1821.02,1832.57,1817.9,1821.5,2078335
9/20/2019 16:00:00,1821.71,1830.63,1780.92,1794.16,5555839
9/23/2019 16:00:00,1777,1792.7,1767.32,1785.3,3139142
9/24/2019 16:00:00,1790.61,1795.71,1735.55,1741.61,4637901
9/25/2019 16:00:00,1747.36,1773,1723,1768.33,3531098
9/26/2019 16:00:00,1762.79,1763.37,1731.5,1739.84,3571952
9/27/2019 16:00:00,1748,1749.12,1713.82,1725.45,3948029
9/30/2019 16:00:00,1726.99,1737.46,1709.22,1735.91,2760768
10/1/2019 16:00:00,1746,1755.6,1728.41,1735.65,3170460
10/2/2019 16:00:00,1727.74,1728.89,1705,1713.23,3338476
10/3/2019 16:00:00,1713,1725,1685.06,1724.42,3624371
10/4/2019 16:00:00,1726.02,1740.58,1719.23,1739.65,2489277
10/7/2019 16:00:00,1731.63,1747.83,1723.7,1732.66,2187598
10/8/2019 16:00:00,1722.49,1727,1705,1705.51,2626840
10/9/2019 16:00:00,1719.61,1729.95,1714.36,1721.99,2089335
10/10/2019 16:00:00,1725.24,1738.29,1713.75,1720.26,2721531
10/11/2019 16:00:00,1742.92,1745.45,1729.86,1731.92,3279534
10/14/2019 16:00:00,1728.91,1741.89,1722,1736.43,1928898
10/15/2019 16:00:00,1742.14,1776.45,1740.62,1767.38,3129244
10/16/2019 16:00:00,1773.33,1786.24,1770.52,1777.43,2804068
10/17/2019 16:00:00,1796.49,1798.85,1782.02,1787.48,2713773
10/18/2019 16:00:00,1787.8,1793.98,1749.2,1757.51,3366091
10/21/2019 16:00:00,1769.66,1785.88,1765,1785.66,2224902
10/22/2019 16:00:00,1788.15,1789.78,1762,1765.73,2234425
10/23/2019 16:00:00,1761.3,1770.05,1742,1762.17,2190380
10/24/2019 16:00:00,1771.09,1788.34,1760.27,1780.78,5204350
10/25/2019 16:00:00,1697.55,1764.21,1695,1761.33,9626402
10/28/2019 16:00:00,1748.06,1778.7,1742.5,1777.08,3708851
10/29/2019 16:00:00,1774.81,1777,1755.81,1762.71,2276855
10/30/2019 16:00:00,1760.24,1782.38,1759.12,1779.99,2449405
10/31/2019 16:00:00,1775.99,1792,1771.48,1776.66,2781185
11/1/2019 16:00:00,1788.01,1797.45,1785.21,1791.44,2790354
11/4/2019 16:00:00,1801.01,1815.06,1801.01,1804.66,2771922
11/5/2019 16:00:00,1809.16,1810.25,1794,1801.71,1885543
11/6/2019 16:00:00,1801,1802.5,1788.58,1795.77,2029783
11/7/2019 16:00:00,1803.76,1805.9,1783.48,1788.2,2651086
11/8/2019 16:00:00,1787.89,1789.88,1774.04,1785.88,2126198
11/11/2019 16:00:00,1778,1780,1767.13,1771.65,1947810
11/12/2019 16:00:00,1774.66,1786.22,1771.91,1778,2038925
11/13/2019 16:00:00,1773.39,1775,1747.32,1753.11,2926892
11/14/2019 16:00:00,1751.43,1766.59,1749.56,1754.6,2269417
11/15/2019 16:00:00,1760.05,1761.68,1732.86,1739.49,3931141
11/18/2019 16:00:00,1738.3,1753.7,1722.71,1752.53,2841907
11/19/2019 16:00:00,1756.99,1760.68,1743.03,1752.79,2274535
11/20/2019 16:00:00,1749.14,1762.52,1734.12,1745.53,2793759
11/21/2019 16:00:00,1743,1746.87,1730.36,1734.71,2662938
11/22/2019 16:00:00,1739.02,1746.43,1731,1745.72,2479081
11/25/2019 16:00:00,1753.25,1777.42,1753.24,1773.84,3489467
11/26/2019 16:00:00,1779.92,1797.03,1778.35,1796.94,3190428
11/27/2019 16:00:00,1801,1824.5,1797.31,1818.51,3035846
11/29/2019 13:00:00,1817.78,1824.69,1800.79,1800.8,1923440
12/2/2019 16:00:00,1804.4,1805.55,1762.68,1781.6,3931750
12/3/2019 16:00:00,1760,1772.87,1747.23,1769.96,3529582
12/4/2019 16:00:00,1774.01,1789.09,1760.22,1760.69,2680700
12/5/2019 16:00:00,1763.5,1763.5,1740,1740.48,2827852
12/6/2019 16:00:00,1751.2,1754.4,1740.13,1751.6,3119979
12/9/2019 16:00:00,1750.66,1766.89,1745.61,1749.51,2502489
12/10/2019 16:00:00,1747.4,1750.67,1735,1739.21,2515644
12/11/2019 16:00:00,1741.67,1750,1735.71,1748.72,2101318
12/12/2019 16:00:00,1750,1764,1745.44,1760.33,3103949
12/13/2019 16:00:00,1765,1768.99,1755,1760.94,2747909
12/16/2019 16:00:00,1767,1769.5,1757.05,1769.21,3149345
12/17/2019 16:00:00,1778.01,1792,1777.39,1790.66,3646697
12/18/2019 16:00:00,1795.02,1798.2,1782.36,1784.03,3352187
12/19/2019 16:00:00,1780.5,1792.99,1774.06,1792.28,2738320
12/20/2019 16:00:00,1799.62,1802.97,1782.45,1786.5,5152460
12/23/2019 16:00:00,1788.26,1793,1784.51,1793,2137493
12/24/2019 13:00:00,1793.81,1795.57,1787.58,1789.21,881337
12/26/2019 16:00:00,1801.01,1870.46,1799.5,1868.77,6024608
12/27/2019 16:00:00,1882.92,1901.4,1866.01,1869.8,6188754
12/30/2019 16:00:00,1874,1884,1840.62,1846.89,3677306